バングル作り,fromCluster,0.7850,20.0,2.064,バングル作り,手作りバングル,バングル作り体験,バングルの製作体験,バングルづくり
バングル,fromCluster,0.7903,31.0,3.1992,バングル,バングルアクセサリー,バングル選び,デザインのバングル
シルバーリング,fromCluster,0.6000,6.0,0.6192,シルバーリング, SILVERの刻印, シルバー, シルバーでリング, シルバーのペアリング
ペアリング,fromCluster,0.8500,42.0,4.3344,ペアリング,ペアリング作り,手作りペアリング,ペアリング体験,ペアリングリング,手作りペアリング作り,ペアリング作り体験,ペアリング制作
手作りリング,fromCluster,0.9286,7.0,0.7224,手作り指輪, 手作りのリング, 手作りリング
リング作り,fromCluster,0.9167,12.0,1.2384,リング作り,リング作成,リングの作り方
指輪作り体験,fromCluster,0.9111,9.0,0.9288,指輪作り, 指輪作り体験
指輪,fromCluster,0.8438,73.0,7.5335,指輪,リング,結婚指輪,婚約指輪,指輪のサイズ,指輪の仕上がり,ブライダルのカウセリング,指輪の材質,真鍮リング,リングル,指輪の種類,リングのデザイン
店員,fromCluster,0.8303,122.0,12.5903,店員,お店,店員さん,店内,お店の方,お店の雰囲気,店内の雰囲気,店の雰囲気,店員の態度,お店の端の机,ジュエリーショップ,お店の中,店舗,店員さんの対応,店員の方,お店の場所,店員さんの説明,店員さんの接客
手作り体験,fromCluster,0.8875,8.0,0.8256,手作り体験, 手作り, 手作り感, プレゼント作り, 手作りバンクル
作成,fromCluster,0.8467,15.0,1.548,作り方, 形作り, 好みに合わせて作れる,作る, 作ること
制作物,fromCluster,0.6889,9.0,0.9288,制作, 作品, 制作物, 作成
作業,fromCluster,0.7310,29.0,2.9928,作業,工程,作業工程,作業風景,作業内容
仕上げ,fromCluster,0.6444,9.0,0.9288,仕上げ, 仕上がり, 最終仕上げ, 完成
アクセス,fromCluster,0.8200,5.0,0.516,駅, 駅から近く, 最寄駅
場所の雰囲気,fromCluster,0.2600,5.0,0.516,場所, 場所の雰囲気
写真撮影,fromCluster,0.7000,8.0,0.8256,写真, 写真撮影, 写真や動画撮影
おすすめ,fromCluster,0.8667,6.0,0.6192,おすすめ, オススメ
対応,fromCluster,0.9304,23.0,2.3736,対応,受け答え
サイズ,fromCluster,0.7857,7.0,0.7224,大きさ, サイズ, 太さ, 形や大きさ, サイズ選び
デザインの選択肢,fromCluster,0.7700,10.0,1.032,デザイン, デザインの選択肢, 選択肢, いろんなデザインが選べる, 選べる
刻印,fromCluster,0.3556,9.0,0.9288,刻印, イニシャル等の刻印
教え方,fromCluster,0.9120,25.0,2.58,教え方,話し方
説明,fromCluster,0.9103,29.0,2.9928,説明
分類,fromCluster,0.7714,7.0,0.7224,種類, タイプ
料金,fromCluster,0.5500,8.0,0.8256,値段, 価格, お値段
時間,fromCluster,0.8364,11.0,1.1352,時間, 時間変更
体験,fromCluster,0.8848,33.0,3.4056,体験,経験,体験内容
記念日,fromCluster,0.9125,8.0,0.8256,記念, 一年記念日, 記念日
思い出,fromCluster,0.9559,59.0,6.0888,思い出,思い出作り,旅行の思い出,思い出の品,旅の思い出,最高の思い出,良い思い出,夏の思い出
教える,fromCluster,0.9000,5.0,0.516,丁寧に教えていただき, 丁寧に教えていただいた, 教えて頂き, 教えてくださる方, 教えてくれた人
スタッフ,fromCluster,0.8267,45.0,4.644,スタッフ,スタッフの対応,STAFF,男性スタッフ,スタッフの丁寧さ
担当者,fromCluster,0.9667,6.0,0.6192,担当の方, 担当者, 担当の男性
楽しむ,fromCluster,0.9600,20.0,2.064,楽しさ, 楽しい, 楽しく, 楽しめる
楽しさ,fromCluster,0.9125,8.0,0.8256,楽しかった, 楽しい時間, 楽しめました
友人,fromCluster,0.8889,9.0,0.9288,友人, 友達, 友達へのお勧め
カップル,fromCluster,0.7571,7.0,0.7224,カップル, カップルや夫婦
人称代名詞,fromCluster,0.9000,7.0,0.7224,彼女, 彼
雰囲気,fromCluster,0.8071,14.0,1.4448,雰囲気,空気感,気分
サービス品質,fromCluster,0.9571,7.0,0.7224,親切, 丁寧, 懇切丁寧
簡便さ,fromCluster,0.8429,7.0,0.7224,手軽, 簡単, 作りやすさ, 手軽に作れる, 利用しやすさ
初心者,fromCluster,0.8200,5.0,0.516,初心者, 初心者向け