紫陽花,fromCluster,0.7383,243.0,17.5578,紫陽花,紫陽花園,紫陽花庭園,紫陽花のシーズン,枯れている紫陽花,紫陽花園の出口,紫陽花登り龍,紫陽花ライトアップ,紫陽花の咲く時期,紫陽花の花々,綺麗に咲いている紫陽花,紫陽花エリア,白い紫陽花,紫陽花の花,雨上がりの紫陽花,アジサイ,アジサイ園,アジサイ（満開）,アジサイのシーズン,額アジサイ,アジサイの花,アジサイの庭園,あじさい,あじさい園,あじさいの季節,あじさいのお庭,あじさいシーズン,あじさい園ライトアップ
ハート型紫陽花,fromCluster,0.7714,7.0,0.5058,ハート形の紫陽花, ハートの紫陽花, ハート型, ハート紫陽花
ハス,fromCluster,0.6250,16.0,1.1561,ハスの花, ハス, 御仏の恵みの酒, ハス酒, ハス池, ハスの葉にお酒を注いで飲む体験, ハスの鉢, ハスご飯
ツツジ,fromCluster,0.7677,62.0,4.479699999999999,ツツジ,ツツジとアジサイ,霧島つつじ,久留米つつじ,平戸ツツジ,霧島ツツジ,久留米ツツジ,ツバキ,ツツジの満開,つつじ,つつじまつり
桜,fromCluster,0.6125,8.0,0.578,桜, 桜のお花見, 桜の木
花,fromCluster,0.8056,18.0,1.3006,花,お花
シャクナゲ,fromCluster,0.8111,9.0,0.6503,シャクナゲ, 西洋シャクナゲ
アクセス,fromCluster,-0.0455,11.0,0.7948,駅からの距離, 最寄駅, 最寄り駅, 駅から徒歩, 駅からのバス, 駅からのアクセス
バス,fromCluster,0.3579,19.0,1.3728,バス, 臨時バス, 観光バス, バスの料金箱, 直行バス, バス乗車, 臨時バスあじさい号
駐車場,fromCluster,-0.2182,22.0,1.5896,駐車場,駐車場までの道,駐車
甘味,fromCluster,0.5714,7.0,0.5058,スイーツ, お茶菓子, 甘味どころ, お菓子, パフェ, 甘い物, 甘味処
混雑,fromCluster,-0.3417,24.0,1.7341,混雑, 人の多さ, 人混み, 人が多い, 人だらけ, 混む, 混み合う, 大勢の人, 人の少なさ, 多くの方
静か,fromCluster,0.8111,9.0,0.6503,静か, 静かな雰囲気, 静謐, 静かなお寺, 静かな時間
写真,fromCluster,0.5143,7.0,0.5058,写真, 写真スポット, 写真マニア, ネットの写真
風景,fromCluster,0.8625,8.0,0.578,景色, 景観, 光景
気象条件,fromCluster,0.4429,7.0,0.5058,天気, 風, 空気
雨,fromCluster,0.2000,7.0,0.5058,雨, 梅雨, 梅雨時期, 雨蛙, 雨の日
坂道,fromCluster,-0.1167,12.0,0.8671,坂道, 上り坂, 坂, 傾斜, 下り坂, 斜面
ライトアップ,fromCluster,0.6905,21.0,1.5173,ライトアップ,ライトアップのイベント
宇治,fromCluster,0.3917,12.0,0.8671,宇治, 宇治の街の交通, 京都府宇治市, 宇治上神社, 宇治観光
蓮,fromCluster,0.7100,60.0,4.3353,蓮,蓮の花,蓮池,睡蓮,鉢植え,蓮見,蓮園,蓮の鉢,蓮寺,蓮の景色,蓮の葉と花
日本庭園,fromCluster,0.9143,7.0,0.5058,池泉回遊式庭園, 枯山水の石庭, 日本庭園, 池泉庭園, 枯山水の庭園, シャクナゲの庭園
境内,fromCluster,0.4556,18.0,1.3006,境内,境内の建物
庭園,fromCluster,0.7926,27.0,1.9509,庭園,お庭,庭,大庭園
御朱印,fromCluster,-0.0235,17.0,1.2283,御朱印,花の御朱印
参拝,fromCluster,0.0625,24.0,1.7341,拝観料, お参り, 参拝, 参拝客, 通常の参拝, 拝観券, 拝観時間, 拝観者, お寺の拝観料
あじさい寺,fromCluster,0.7120,25.0,1.8064,花の寺, あじさい寺, 滋賀・三井寺（園城寺）, 宇治あじさい寺, 京都の花の寺, あじさいのお寺, 紫陽花寺
お寺,fromCluster,0.5169,65.0,4.6965,お寺,寺,寺院,寺内,蛇の寺,山寺
平等院,fromCluster,0.4000,9.0,0.6503,平等院, 平等院鳳凰堂, 宇治の平等院, 平等院鳳翔巻, 宇治平等院
本堂,fromCluster,0.4219,32.0,2.3121,本堂,お堂,本堂前,本堂前の蓮,本堂横の坂道
山門,fromCluster,0.4000,7.0,0.5058,山門, 門前, 朱塗りの山門, 山門までの道のり
塔,fromCluster,0.5750,12.0,0.8671,三重塔, 十三重石塔, 三重の塔
西国三十三所巡礼,fromCluster,0.5200,15.0,1.0838,西国三十三所, 西国三十三ヶ所, 西国三十三所札所, 西国三十三ヶ所札所, 西国三十三観音巡礼, 西国三十三所観音霊場, 西国観音霊場, 西国三十三観音, 西国三十三霊場, 西国三十三ヶ所観音霊場, 西国三十三所第十番札所
観音,fromCluster,0.2500,8.0,0.578,千手観音, 観音さま, 十一面観音, 千手観世音菩薩, 観音様
仏像,fromCluster,0.1000,7.0,0.5058,本尊, 仏像, 仏の仕事, 重文の仏像, 仏陀の境地
石像,fromCluster,0.4143,7.0,0.5058,石像, 牛の石像, 兎の石像
紅葉,fromEntity,0.6125,16.0,1.1561