エレベーター,fromCluster,-0.1500,4.0,1.0256,エレベーター, エレベーター（八ツ橋庵ししゅう館）
バス,fromCluster,0.4000,3.0,0.7692,市バス, マイクロバス, バスツアー
じゃらんのクーポン,fromCluster,0.7667,3.0,0.7692,じゃらんのポイント, じゃらんの遊びクーポン, じゃらんの遊び体験クーポン
楽しさ,fromCluster,0.9000,5.0,1.2821,賑やか, 楽しく, ワイワイ楽しかった, 楽しさ, 楽しい時間
スタッフ,fromCluster,0.3133,15.0,3.8461,お姉さん, 係のお姉さん,係りの方, 職員の方,スタッフ,スタッフの接客
持ち帰り,fromCluster,0.2667,3.0,0.7692,持ち帰り, 帰り
サービス対応,fromCluster,-0.1333,3.0,0.7692,電話対応, 対応
サービス,fromCluster,-0.9333,3.0,0.7692,接客
手袋,fromCluster,-0.3667,3.0,0.7692,子供用の小さい手袋, 手袋, ビニール手袋
料金,fromCluster,-0.1000,6.0,1.5385,値段, 費用, 価格, 値引き
教育,fromCluster,-0.3250,4.0,1.0256,指導, 教育指導
説明,fromCluster,0.1000,12.0,3.0769,説明,説明する方
教え方,fromCluster,0.7273,11.0,2.8205,教え方, 教える方, 作り方, 教えて下さる方, 教えてくれる方, 作り方を教えてくれる方, 丁寧に教えてくれる, 親切丁寧, 教えてくださる方
受付,fromCluster,-0.4778,9.0,2.3077,受付, 受付のスタッフの対応, 電話窓口および店の受付のおばさんの接客態度, 受付のお局風のおばさんの対応, 受付の方, 受付の無愛想な話し方, 受け付けの方
店員,fromCluster,0.1462,13.0,3.3333,売店, お店, お店の方, 店, 売店のレジの女性, 店長の質, お店の方の説明, お店の人, 売店の方
従業員,fromCluster,-0.5250,8.0,2.0513,従業員,店員
ビュッフェ,fromCluster,0.2750,4.0,1.0256,ランチ, ランチビッフェ, ブッフェ, ビッフェ
食事,fromCluster,0.6667,6.0,1.5385,食事, 衣笠丼付き, 衣笠丼, お食事, お食事どころ
味覚,fromCluster,0.5375,8.0,2.0513,新鮮味, 試食, 食感, 味, 味見, 風味や味, 美味しかった, おいしさ
七味唐辛子,fromCluster,0.4250,4.0,1.0256,七味作り, 七味, 七味唐辛子
豆腐作り体験,fromCluster,0.6692,13.0,3.3333,豆腐作り, お豆腐作り体験コース, 豆腐作りの工程, お豆腐作り体験, お豆腐, 湯豆腐作り体験, おとうふつくり体験, 豆腐, 湯豆腐, できたてとうふ, とうふ作り, 手作り豆腐
みたらし団子作り体験,fromCluster,0.4818,11.0,2.8205,みたらし団子, みたらし団子体験, 団子の大きさ, 団体, 自分で作った団子, みたらし団子作り, みたらし団子作り体験, みたらし団子づくり
いちご大福,fromCluster,0.6600,5.0,1.2821,いちご大福, イチゴ大福とイチゴ生八つ橋作り体験, いちご大福作り, イチゴ大福
饅頭作り体験,fromCluster,0.7000,4.0,1.0256,生麩饅頭作り体験, 麩饅頭作り, 生麩の御饅頭, お饅頭作り
抹茶パフェ,fromCluster,0.5200,10.0,2.5641,お茶, 抹茶パフェ, お抹茶体験, 抹茶アイス, お抹茶, 抹茶パフェ作り, パフェ作り, パフェ
和菓子作り,fromCluster,0.7083,12.0,3.0769,和菓子作り,和菓子,お菓子作り,和菓子屋,和菓子作り体験,和菓子体験
お土産,fromCluster,0.2250,8.0,2.0513,お土産,お土産売場,お土産物売り場,京みやげ,お土産物コーナー
八つ橋,fromCluster,0.7788,33.0,8.4615,八つ橋,八つ橋作り,八つ橋の手作り体験,八つ橋作り体験,創作生八つ橋作り,生八つ橋の製造工房,生八つ橋づくり,生八ツ橋作り,生八ツ橋体験,八つ橋手つくり体験,生八つ橋を作る体験,八ツ橋,八ツ橋の極上体験,八ッ橋づくり,八橋,オリジナル八つ橋
体験,fromCluster,0.4615,26.0,6.6667,体験,体験コーナー,体験作業工程の説明,体験料,体験の説明,体験の指導,体験コース,他の体験,体験施設,経験
刺繍,fromCluster,0.7600,5.0,1.2821,日本刺繍, 刺繍の絵, 刺繍の作品, 刺繍絵, 刺繍
体験活動,fromCluster,0.6250,8.0,2.0513,手作りセット, 生地から作る体験, 手作り体験, ねりきり細工とお抹茶体験, ねりきり細工体験, 手描き友禅体験, 粘土遊び, 手作り八つ橋体験
練りきり体験,fromCluster,0.4286,7.0,1.7948,練り切り作り, 練りきり体験, 練りきり, 練りきり作り,ねりきりとおうす体験, ねりきり体験, ねりきり
駐車場,fromEntity,0.4667,6.0,1.5385
子供,fromEntity,0.7500,4.0,1.0256