阿弥陀如来,fromCluster,0.7500,16.0,1.1722,阿弥陀堂, 阿弥陀如来, 阿弥陀如来像, 五劫思惟阿弥陀如来, 阿弥陀さま, 阿弥陀如来立像, 阿弥陀像, 阿弥陀様
見返り仏像,fromCluster,0.7500,10.0,0.7326,見返り観音, みかえりの仏像, 観音様, 見返りお釈迦様, 見返り如来, みかえり, みかえり菩薩
見返り阿弥陀,fromCluster,0.7852,54.0,3.956,見返り阿弥陀, 見返り阿弥陀様, 見返り阿弥陀像, 見返り阿弥陀如来, 見返り阿弥陀さま, 見返り阿弥陀如来像, 見返り阿弥陀仏, 見返りの阿弥陀, 観返り阿弥陀,みかえり阿弥陀,みかえり阿弥陀像,みかえり阿弥陀様,みかえり阿弥陀仏,みかえり阿弥陀さま,みかえり阿弥陀如来,みかえり阿弥陀如来像
拝観料,fromCluster,0.0571,35.0,2.5641,拝観料,特別拝観,特別拝観料,拝観料金,拝観券,拝観者,拝観利用,拝観路,参拝客,拝観ルート,参拝,お参り,拝観のルート
仏像,fromCluster,0.5846,13.0,0.9524,仏像, 御本尊, 念仏, 仏さま, 本尊像, ご本尊, ご本尊様
多宝塔,fromCluster,0.6897,29.0,2.1245,多宝塔,舎利仏閣,寺宝展,寺宝公開,寺宝,多宝塔からの眺め,多宝塔の展望台
南禅寺,fromCluster,0.5043,23.0,1.685,南禅寺,南禅寺の紅葉,南禅寺永観堂道
寺院,fromCluster,0.4600,20.0,1.4652,禅林寺, 銀閣寺, 金戒光明寺, 京都銀閣寺
お寺,fromCluster,0.6833,24.0,1.7582,お寺,寺院,寺,観光地のお寺,お寺の建物,紅葉の寺,寺院の回廊,冬のお寺,お寺の内部,お寺の紅葉
仏堂,fromCluster,0.6000,15.0,1.0989,お堂, 釈迦堂, 諸堂, 御影堂, 本堂
もみじ,fromCluster,0.8435,46.0,3.37,もみじ,青もみじ,モミジ,モミジの時期,緑のもみじ,岩垣もみじ,もみじ寺,新緑のモミジ,青いもみじ,青モミジ,青空に赤いモミジ,もみじ柄の和紙
新緑,fromCluster,0.8300,10.0,0.7326,新緑, 新緑の境内, 新緑の春, 新緑の季節
ライトアップ,fromCluster,0.5927,55.0,4.0293,ライトアップ,ライトアップされた紅葉,夜間拝観,もみじのライトアップ,夜間の寒さ,ライトの少なさ,紅葉の夜間拝観,夜の拝観,夜間のライトアップ,紅葉ライトアップ,夜間ライトアップ,紅葉のライトアップ
紅葉,fromCluster,0.7856,244.0,17.875500000000002,紅葉,青紅葉,紅葉の木,新緑の紅葉,鐘のあたりの黄色の紅葉,楓の風景,美しい紅葉,新緑の青紅葉,緑の紅葉,紅葉の美しさ,黄紅葉,深紅の紅葉,モミジの紅葉,もみじの紅葉,赤い紅葉,秋の紅葉,紅葉の時期, 紅葉時期,紅葉の季節, 紅葉シーズン,紅葉スポット, 紅葉狩り, 紅葉会席, 紅葉の名所, 紅葉の庭園, 敷地内の紅葉スポット
混雑,fromCluster,-0.5000,43.0,3.1502,混雑,人混み,混み具合,人の混雑,長蛇の列,大混雑,混む,人込み,混雑状況,混み合い,人だかり
バス,fromCluster,-0.1000,8.0,0.5861,バス, バス停, 市バス
観光客,fromCluster,-0.0808,26.0,1.9048,観光客,観光の方々,観光シーズン,海外の観光客,観光,観光スポット
混雑度,fromCluster,0.2091,11.0,0.8059,人の多さ, 人が少ない, 人の少なさ, 参拝客の少なさ, 観光客の少なさ
座席配置,fromCluster,-0.2000,10.0,0.7326,行列, 列, 中, 端
景色,fromCluster,0.9100,20.0,1.4652,景色,光景,風景
雰囲気,fromCluster,0.7500,10.0,0.7326,雰囲気, 風情
静かさ,fromCluster,0.6273,11.0,0.8059,静か, 静かな空間, 静かな雰囲気, 静かな寺院, 静けさ
写真スポット,fromCluster,0.7214,14.0,1.0256,スポット, 写真, 撮影スポット, 写真撮影, 写真スポット, 写真を撮る場所, 写真ばえ, フォトスポット
入場,fromCluster,-0.0750,8.0,0.5861,入場料, 入場制限, 入場規制
境内,fromCluster,0.6710,31.0,2.2711,境内,敷地,敷地内,建物内,園内
庭園,fromCluster,0.7929,28.0,2.0513,庭, 庭園, お庭, 庭園式, 中庭
池,fromCluster,0.8000,13.0,0.9524,池, 池回り, 池と水連の景色
放生池,fromCluster,0.6000,7.0,0.5128,放生池, お庭の放生池, 宝生池, 放生池の紅葉
地下鉄蹴上駅,fromCluster,0.2077,13.0,0.9524,蹴上駅, 地下鉄東西線, 地下鉄, 地下鉄蹴上駅, 地下鉄蹴上, 駅, 蹴上の駅, 地下鉄東西線蹴上駅, 駅からのアクセス
哲学の道,fromCluster,0.5444,9.0,0.6593,哲学の道, 哲学の小道
廊下,fromCluster,0.6600,15.0,1.0989,臥龍廊, 回廊, 廊, 廊下
建築物,fromCluster,0.6143,7.0,0.5128,建物, 楼閣, 建造物
エレベーター,fromCluster,0.4778,9.0,0.6593,エレベーター, 家庭用エレベーター, 昇降機設備
階段,fromCluster,0.2000,8.0,0.5861,階段, 木の階段, 木製の階段, 廊下や階段の作り