カメラマン,fromCluster,0.7687,16.0,2.4961,カメラマン,プロのカメラマン,監視カメラ,自分のカメラ,プロカメラマン,撮影のスタッフ,撮影スタッフ,フォトグラファー
スタジオ撮影プラン,fromCluster,0.7091,11.0,1.7161,スタジオ撮影, スタジオ, スタジオプラン, 撮影プラン, 写真を撮るプラン, スタジオ撮影プラン, スタジオ撮りコース
写真,fromCluster,0.6875,48.0,7.4883,写真,撮影,写真撮影,撮影ポーズ,写真ポーズ,集合写真,写真撮り,家族写真,ブック写真
撮影,fromCluster,0.6500,10.0,1.5601,自由撮影, 室内撮影, フリー撮影, 店外撮影, 室内で自由撮影, 自由に撮影, 自由時間の撮影, 撮影場所
舞妓体験,fromCluster,0.7833,42.0,6.5523,舞妓体験,舞妓さん体験,芸妓体験,舞妓疑似体験
舞妓さん,fromCluster,0.8250,8.0,1.248,舞妓さん,舞妓
着物,fromCluster,0.4838,37.0,5.7722,着物,着物選び,着物の種類,着物の状態,着物の選択肢,お着物,着物の質,着物の量
化粧,fromCluster,0.4128,47.0,7.3323,化粧,メイク,着付け,お化粧,ヘアメイク,お化粧や着付け,化粧や着付け,メイクアップ
半かつら,fromCluster,0.0250,16.0,2.4961,半かつら,カツラ,半カツラ,全カツラ,カツラや着物選び
帯,fromCluster,0.1250,4.0,0.624,帯, 帯紐
髪飾り,fromCluster,0.0500,4.0,0.624,髪, 簪, 髪飾り
洗面設備,fromCluster,0.0500,4.0,0.624,洗面所, 洗面台
更衣室,fromCluster,-0.0800,5.0,0.78,更衣室, 着替え兼ロッカー室
変身体験,fromCluster,0.7000,4.0,0.624,着替え, 変身体験, 変身
店舗,fromCluster,0.8222,18.0,2.8081,お店, お店の雰囲気, 店舗, 従業員, 店構え, 店, お店の方, お店のスタッフ, 店員, 店員さんの対応, お店の綺麗さ
スタッフ,fromCluster,0.5829,70.0,10.9204,スタッフ,受付,スタッフの対応,受付のスタッフ,荒っぽいスタッフ,受付スタッフ,担当の方,受付の方
庭,fromCluster,0.8750,4.0,0.624,お庭, 庭
茶室,fromCluster,0.8000,5.0,0.78,お茶室, 茶室
室内プラン,fromCluster,0.7909,11.0,1.7161,店内, お座敷, 座敷, お座敷のプラン, 室内のプラン, 部屋, 室内, 室内プラン
四季,fromCluster,0.7933,15.0,2.3401,四季,四季さんのプラン,スタジオ四季
清水寺,fromCluster,0.6800,5.0,0.78,清水寺, 清水寺周辺
散策,fromCluster,0.5909,11.0,1.7161,散策,散策プラン,自由散策コース,外での散策
体験,fromCluster,0.8810,21.0,3.2761,体験,経験,写経体験
言語サービス,fromCluster,0.9286,7.0,1.092,対応, 言語対応
価格,fromCluster,0.1667,6.0,0.936,価格, お値段, 金額, 品格
楽しさ,fromCluster,0.9500,10.0,1.5601,満足, 楽しい時間, 楽しさ, 楽しむ, 楽しんで, 大満足
仕上がり,fromCluster,0.5154,13.0,2.0281,仕上がり, 写真の仕上がり, 印刷クオリティ, 写真の現像, 仕上がり具合, 仕上げ
思い出,fromCluster,0.9583,12.0,1.8721,思い出,記念,思い出に残る写真