天狗,fromCluster,0.4228,57.0,1.8849,天狗,天狗の像,天狗伝説,天狗の面,天狗の鼻,天狗の顔のオブジェ,天狗さま,天狗の山,天狗グッズ,天狗の置物,大天狗,天狗のお面,天狗の住む山,天狗のキャラクターお土産,天狗モチーフ,天狗のキーホルダー
門,fromCluster,0.3400,30.0,0.9921,山門, 仁王門, 山門（仁王門）, 西門, 正門, 三門
魔王尊,fromCluster,0.4524,21.0,0.6944,魔王殿, 奥の院魔王殿, 護法魔王尊, 魔王尊, 奥の院魔王堂, 魔王の伝説
本堂,fromCluster,0.4277,47.0,1.5542,本堂,お堂,奥のお堂
奥の院,fromCluster,0.3897,39.0,1.2897,奥の院,奥ノ院,奥の院参道,奥之院
本殿,fromCluster,0.4500,64.0,2.1164,本殿,本殿金堂
参拝,fromCluster,0.3706,17.0,0.5622,参拝, 拝観料, お参り, 参拝者, 参拝客, 高齢参拝客, 拝観, 参拝場所
お寺,fromCluster,0.6147,75.0,2.4802,お寺,寺,寺院,山寺,古刹,寺社仏閣,寺社
毘沙門天,fromCluster,0.6588,17.0,0.5622,毘沙門天, 毘沙門天像, 毘沙門, 毘沙門天王, 毘沙門天立像＠国宝
牛若丸,fromCluster,0.3773,22.0,0.7275,牛若丸, 牛若丸の跳躍力, 牛若丸と天狗の伝承
義経,fromCluster,0.5439,41.0,1.3558,源義経, 義経, 義経堂, 義経の伝説, 義経の供養搭, 義経の修行, 義経所縁のお寺, 義経が剣の稽古をした根っこの畝, 義経ゆかりの旧跡, 義経が訓練した木の根, 義経の背比べ石, 義経と天狗伝説, 義経ゆかりの地, 義経の供養塔, 義経の背くらべの石, 源義経の展示, 義経ファン
貴船,fromCluster,0.4814,43.0,1.422,貴船,貴船口
鞍馬の火祭り,fromCluster,0.5389,18.0,0.5952,火祭り, 鞍馬の火祭り, 儀式, 鞍馬の火祭, 鞍馬の火祭由岐神社, 鞍馬寺の火祭り, 火祭
由岐神社,fromCluster,0.4312,16.0,0.5291,由岐神社, 由岐神社の大杉
貴船神社,fromCluster,0.4832,95.0,3.1415,貴船神社,木船神社
空気,fromCluster,0.7786,42.0,1.3889,空気,山の空気,神聖な空気,清浄な空気,特別な空気,ひんやりとした空気,空気の鮮度,空気の美味しさ
感情,fromCluster,0.8600,20.0,0.6614,達成感, 気持ち, 気分, 情緒, 気持ち良い, 満足感
雰囲気,fromCluster,0.7400,35.0,1.1574,雰囲気, 風情, 独特の雰囲気, 和の雰囲気, 神秘的な雰囲気, 不思議な雰囲気, 神々しい雰囲気
自然,fromCluster,0.8342,38.0,1.2566,自然, 大自然, 自然のパワー, 自然の発見
靴,fromCluster,0.2097,41.0,1.3558,スニーカー, 運動靴,靴, ブーツ, 靴濡れ, パンプス
パワースポット,fromCluster,0.7736,87.0,2.877,パワースポット,本堂の前のパワースポット,本殿のパワースポット,六芒星のパワースポット,京都最大のパワースポット
景色,fromCluster,0.8250,76.0,2.5132,景色,眺め,風景,眺望,絶景,景観,展望,湯からの景色
温泉,fromCluster,0.7905,21.0,0.6944,森林浴, くらま温泉, 温泉, 露天風呂, 宿の湯, 温泉地, 天然温泉
行列,fromCluster,0.0238,21.0,0.6944,道, 行列, 行事
境内,fromCluster,0.3471,17.0,0.5622,境内, 敷地, 境内建物, 敷地内
桜,fromCluster,0.7889,18.0,0.5952,桜, 八重桜, 山桜, 雲珠桜
ロープウェイ,fromCluster,0.3654,26.0,0.8598,ロープウェイ, ロープウエイ, ロープーウエイ, ロープウエー, ロープエイ, ロープーウェイ, ロープウエイのアナウンス
ケーブル,fromCluster,0.2125,32.0,1.0582,ケーブル,ケーブル乗り場
ケーブルカー,fromCluster,0.2941,118.0,3.9021,ケーブルカー,ミニケーブルカー,ケーブルカーの修理,ケーブルカーの代金
京都市内,fromCluster,0.1889,18.0,0.5952,京都駅, 京都市内, 京都の中心部, 京都の街中, 京都中心部, 京都の北部, 京都の中心地, 京都市内からのアクセス
叡山電鉄,fromCluster,0.4925,67.0,2.2156,叡山電鉄, 叡山電車, 叡電, 叡山鉄道, 京阪, 京阪電車, 比叡山, 比叡電鉄, 叡山線, 叡山電鉄出町柳駅, 叡山電鉄終点, 京阪・叡山鉄道, 比叡山電鉄, 比叡山鉄道, 叡電のフリーパス, 叡山電鉄本線, 叡山電車の展望列車きらら号
ウォーキング,fromCluster,0.3469,32.0,1.0582,散策, 徒歩, 山歩き, 歩く, ウォーキング, 自然散策, 歩き, 歩いて移動, お散歩コース, 散歩
ハイキング,fromCluster,0.5484,31.0,1.0251,ハイキング, ハイキングコース, トレッキング, ハイキングの準備, トレッキングシューズ, 登山コース, ハイキング気分
坂道,fromCluster,-0.1952,21.0,0.6944,坂道, 坂, 急坂
階段,fromCluster,-0.1655,84.0,2.7778,階段,石段,急な階段,灯篭,石の階段,山道や石段,長い石段,石階段,山道の階段,灯篭のある石段,赤灯篭の石段,門前の階段
山道,fromCluster,0.0579,76.0,2.5132,山道,道中,道のり,酷道,安楽の道,道路,道順
木の根道,fromCluster,0.2080,25.0,0.8267,木の根道, 木の根, 木の根路, 杉の根, 樹の根, 木の根みち, 杉の根道, 木の根の道, 木の根っこ, 杉の根の道
紅葉,fromCluster,0.7082,49.0,1.6204,紅葉,紅葉シーズン,紅葉の季節,紅葉の景色,紅葉のライトアップ,紅葉のコントラスト
緑,fromCluster,0.7647,17.0,0.5622,新緑, 緑, 緑陰, 新緑の美しい季節, 初夏の緑