ハイキング,fromCluster,0.6310,29.0,2.0097,ハイキング,ハイキングコース,トレッキングコース,トレッキング
散策,fromCluster,0.7214,14.0,0.9702,散策, 散策スポット
靴,fromCluster,0.2905,21.0,1.4552999999999998,靴, 靴の準備,スニーカー, 運動靴
叡山電鉄,fromCluster,0.5450,20.0,1.386,叡山電車, 叡山電鉄, 叡電, 叡山鉄道
ケーブルカー,fromCluster,0.5343,67.0,4.6431,ケーブルカー,ロープウェイ
気象条件,fromCluster,0.3625,8.0,0.5544,天気, 風
天候,fromCluster,0.1111,9.0,0.6237,気温, 寒さ, 暑さ, 気候
自然,fromCluster,0.8544,57.0,3.9501,自然,大自然,自然豊か,自然豊かな場所
混雑状況,fromCluster,0.4125,8.0,0.5544,混雑, 人の多さ, 人混み, 賑わい
歴史,fromCluster,0.6400,10.0,0.693,歴史, 歴史ある場所
空気,fromCluster,0.8370,27.0,1.8711,空気,清々しい空気感,空気感,荘厳な空気,澄んだ空気
雰囲気,fromCluster,0.7222,9.0,0.6237,雰囲気, 霊的な雰囲気
景色,fromCluster,0.9022,46.0,3.1878,景色,眺め,絶景,景観,風景,ながめ,本堂からの景観,車窓から眺める景色
パワースポット,fromCluster,0.8197,66.0,4.5738,パワースポット,スポット
鞍馬寺,fromCluster,0.5655,206.0,14.2758,鞍馬寺,鞍馬山,鞍馬天狗,鞍馬駅,鞍馬,鞍馬の駐車場,鞍馬寺本殿金堂,鞍馬寺本殿,鞍馬から貴船に向かうルート,鞍馬の食事,鞍馬〜貴船のコース,鞍馬山天狗,鞍馬寺本堂,霊宝院（鞍馬寺博物館）,鞍馬の天狗,鞍馬川,鞍馬から貴船,叡山電鉄鞍馬駅,鞍馬山霊宝殿,鞍馬〜貴船神社,鞍馬のお寺,鞍馬寺西門,鞍馬山の登山道,鞍馬・貴船,鞍馬神社,鞍馬寺からの眺望,鞍馬の火祭,貴船から鞍馬までの登山ルート,鞍馬温泉,火祭り,鞍馬山の頂上
牛若丸,fromCluster,0.3440,25.0,1.7325,牛若丸,牛若丸の修行の地,牛若丸息次ぎの水,牛若丸（源義経）,牛若丸の伝説,牛若丸ゆかりの滝,牛若丸と天狗の伝説
天狗,fromCluster,0.5083,48.0,3.3264,天狗,天狗の総本山,天狗の伝説,天狗土産,天狗伝説,天狗の像,天狗の看板,天狗の大きな象,天狗の顔,天狗のオブジェ,天狗のモニュメント,天狗の置物,天狗像,天狗の逸話
堂,fromCluster,0.3556,9.0,0.6237,本堂, お堂, 堂, 不動堂
神社,fromCluster,0.5111,9.0,0.6237,由岐神社, 神社, 神社や仏閣, 神社巡り
神社・寺院の建物,fromCluster,0.4923,13.0,0.9009,本殿, 霊宝殿, 文化財の拝殿, 本殿金堂
源義経,fromCluster,0.3600,10.0,0.693,源義経, 義経, 義経にまつわるポイント, 義経堂, 源義経公
山道,fromCluster,0.0400,30.0,2.079,山道,道中,脇道,道のり,山道ハイキング,参道
貴船神社,fromCluster,0.4276,58.0,4.0194,貴船神社,貴船,貴船川,貴船口駅,貴船に抜ける道,貴船エリア,貴船口,貴船の床,貴船の川床料理,貴船の川床
木の根道,fromCluster,0.2000,15.0,1.0395,木の根道, 木の根, 木の根っこ, 木の根の道
紅葉,fromCluster,0.8654,52.0,3.6036,紅葉,紅葉狩り,紅葉の季節,青紅葉
新緑,fromCluster,0.9300,10.0,0.693,緑, 新緑, 新緑シーズン, 緑と赤のコントラスト
山,fromCluster,0.6114,35.0,2.4255,山,愛山費,山中,山々,山間
階段,fromCluster,-0.2423,26.0,1.8018,階段, 石段, 坂や階段, 長い階段, 階段と坂, 急な階段, 石段や坂道
坂道,fromCluster,-0.2222,18.0,1.2474,坂道, 上り坂, 坂, 登り坂, 山越えの道, 疲れる坂道
山頂,fromCluster,0.5875,8.0,0.5544,山頂, 丘の上, 頂上, 山頂からの眺望, 頂上へのアクセス
登山,fromCluster,0.4125,16.0,1.1088,登山, 山登り, プチ登山, 登山スタイル