平和大塔,fromCluster,0.6917,12.0,0.535,平和大塔, 平和の大塔, 平和の塔
三重塔,fromCluster,0.6846,13.0,0.5796,三重塔, 多宝塔, 本堂横の三重塔
庭園,fromCluster,0.7071,28.0,1.2483,公園, 庭園, 庭, お庭
敷地,fromCluster,0.6864,22.0,0.9808,敷地, 敷地内, 敷地の広さ
境内,fromCluster,0.6326,46.0,2.0508,境内,境内の雰囲気
お寺,fromCluster,0.6795,88.0,3.9233,お寺,寺,御寺,寺の入り口,寺巡り,寺庭,お寺の境内
新勝寺,fromCluster,0.6710,31.0,1.3821,新勝寺,新勝寺の参道,新勝寺の庭園
不動明王,fromCluster,0.7056,18.0,0.8025,不動明王, 初不動, 不動尊, お不動様, 御本尊不動明王, お不動さま, 本堂の不動明王, 御本尊の不動明王, 不動明王の護符, 石摺不動尊, お不動さん, 新勝寺初不動, 大日大聖不動明王
本堂,fromCluster,0.5956,68.0,3.0317,本堂,大本堂,光明堂,お堂,額堂,参堂,御本堂,本堂前,総本堂,御堂
お経,fromCluster,0.5937,16.0,0.7133,写経, お経, 写経体験, お坊さんのお経, お坊さんの読経, 読経
初詣,fromCluster,0.4233,43.0,1.9171,初詣,初詣客,初詣シーズン
参拝,fromCluster,0.4903,72.0,3.21,参拝, お参り, 参拝客, 参拝者, 参詣者, 参拝客の多さ, 参詣, 参拝ルート, 参拝したい, 手綱参拝, お手綱参拝, 参詣人, 参拝者客, 御手綱参拝, 早朝参拝
護摩,fromCluster,0.7400,20.0,0.8917,御護摩, 御護摩祈祷, 護摩祈祷, 護摩木, お護摩祈祷, 護摩, 新春御護摩受付所, 御護摩祈願, 大護摩, 御護摩法要, お護摩
御朱印,fromCluster,0.6450,20.0,0.8917,御朱印, 御朱印集め, 御朱印めぐり
護摩焚き,fromCluster,0.6000,12.0,0.535,護摩焚き, お火加持, 御火加持, 御護摩の炎, 炎の護摩, お焚き上げ
鰻,fromCluster,0.7174,63.0,2.8087,鰻, 鰻屋さん, 鰻屋, 鰻料理, 鰻のお店, うな重, 鰻重, 鰻の香しさ, 鰻やさん,うなぎ, うなぎ屋, うなぎ屋さん, うなぎやさん, うなぎのお店, うなぎの有名店
外国人観光客,fromCluster,0.3842,19.0,0.8471,外国人, 外国人観光客, 外人旅行客, 外国人旅行客, 外国からの観光客, 外国人の観光客
お土産,fromCluster,0.6423,26.0,1.1592,お土産, お土産屋さん, お土産屋, お土産やさん, お土産品, 土産屋さん, お土産参道, お土産物屋, 土産物屋, おみやげ屋さん
食事,fromCluster,0.6294,17.0,0.7579,飲食店, ランチ, 食事, レストラン, 食事どころ, 食堂, お昼ご飯, お食事, お食事処, 定食, 食事場所, 食事処
お店,fromCluster,0.6396,48.0,2.14,お店,出店,店,露店,商店街,商店
エレベーター,fromCluster,0.6059,17.0,0.7579,エレベーター, エレベーターの場所, エレベーター工事
駐車場,fromCluster,0.0000,27.0,1.2037,駐車場, 駐車場の確保, 駐車スペース, 土屋パーキング, 無料駐車場, 弘恵会土屋駐車場
散歩,fromCluster,0.7250,12.0,0.535,散歩, 朝の散歩, お散歩
散策,fromCluster,0.7067,15.0,0.6687,散策, 山の散策, ゆったりと散策
参道,fromCluster,0.5337,89.0,3.9679,参道,参道周辺
門,fromCluster,0.5483,29.0,1.2929,総門, 仁王門, 山門, 門構え, 参門, 門
駅,fromCluster,0.3818,22.0,0.9808,駅, 駅前, 駅からのアクセス, 駅からの道, 最寄り駅, 駅からの参道
正月,fromCluster,0.1800,15.0,0.6687,お正月, 正月, 旧正月, 正月の雰囲気, お正月気分, お正月の賑やかさ
祭り,fromCluster,0.6167,12.0,0.535,お祭り, 祭り状態, 夏祭り, 創業祭, ゲン祭り
混雑,fromCluster,-0.1403,67.0,2.9871,混雑,人混み,賑わい,にぎわい,賑やか,込み合い,混んでいます,大混雑状態,混む,混雑具合,大混雑,混み具合,混み方,にぎやか,混んでいる
建物,fromCluster,0.7727,22.0,0.9808,建物, 建造物, 建築, 建築物
歴史,fromCluster,0.7714,14.0,0.6242,歴史, 歴史的経緯
広い,fromCluster,0.5789,19.0,0.8471,広さ, 広い, 広すぎて癒されます
雰囲気,fromCluster,0.7556,18.0,0.8025,雰囲気, 特別な雰囲気, 神聖な雰囲気
紅葉,fromCluster,0.6696,23.0,1.0254,紅葉, 紅葉の季節
階段,fromCluster,-0.1750,32.0,1.4267,階段,石段,石階段,石
ご利益,fromCluster,0.7583,12.0,0.535,ご利益, 御利益