上陸,fromCluster,0.2536,97.0,4.3792,上陸,上陸ツアー,上陸時間,上陸率,上陸コース,軍艦島上陸証明書,上陸エリア,上陸できなかった,上陸予約,上陸するコース,上陸停止,予約制上陸ツアークルーズ,上陸証明書,島に上陸,上陸クルーズ,上陸のツアー,上陸・周遊ツアー,上陸する,上陸プラン,船での上陸率,周遊・上陸コース,上陸後の時間,上陸費,証明書,上陸観光クルーズ船
乗船,fromCluster,-0.2133,15.0,0.6772,乗船, 乗船場所, 船着場, 乗り物, 乗船前, 乗船料, 乗り場, 乗船前の食事, 船乗り場, 先頭からの乗船, 発着場所, 船着き場
フェリー,fromCluster,0.0188,16.0,0.7223,フェリー, 渡し船, 高速フェリー, 高速船
船,fromCluster,0.2090,89.0,4.0181000000000004,船,船内の席,船の上,船内,船の人達,船旅, 船の予約, 船での移動, 専用の船, 船での周遊, 船の運航
クルーズ,fromCluster,0.5364,22.0,0.9932,クルーズ, クルーズ船, クルージング, クルーズ会社
観光クルーズ,fromCluster,0.4467,15.0,0.6772,観光船, ツアー船, クルーズツアー, 観光用の船, 船ツアー, 観光クルーズ, 観光クルーズ船, 遊覧クルーズ, ツアーのフェリー
軍艦島ツアー,fromCluster,0.5907,43.0,1.9413,軍艦島コンシェルジュ, 軍艦島クルーズ, 軍艦島ツアー, 軍艦島上陸ツアー, 軍艦島上陸クルーズ, 軍艦島コンシェルズ, 軍艦島クルーズツアー, コンシェルジュ, 軍艦島コンシェルジュのツアー, 軍艦島クルーズ㈱, 軍艦島見学ツアー, 軍艦島クルージング
軍艦,fromCluster,0.5842,19.0,0.8578,軍艦, 軍艦の形
島,fromCluster,0.4710,62.0,2.7991,島,伊王島,島の歴史,島民の生活,元島民のガイド,島の西側,島の説明,昔の島の環境,島民,島自体,島の姿,島の景色,歴史ある島,島々の説明,島内,伊王島の展望台
炭鉱,fromCluster,0.4000,12.0,0.5418,炭鉱, 炭鉱の町, 炭鉱掘り, 炭鉱場, 炭鉱あと, 炭鉱跡
石炭産業,fromCluster,0.5000,15.0,0.6772,石炭, 炭鉱の歴史, 炭鉱時代の資料, 石炭産業の歴史, 石炭採掘, 小さな石炭の原石, 石炭発祥の地, 石炭の採掘場, 石炭エネルギー, 石炭産業の遺構
廃墟,fromCluster,0.0441,34.0,1.535,廃墟,廃墟化
建物,fromCluster,0.0564,39.0,1.7607,建物,建造物
経済成長,fromCluster,0.6417,12.0,0.5418,繁栄と衰退, 高度経済成長, 日本の昔の繁栄, 経済成長, 高度経済成長期の日本の歴史, 日本経済, 日本の経済発展, 産業の盛衰, 繁栄, 経済発展
世界遺産,fromCluster,0.7151,53.0,2.3928,世界遺産,世界遺産登録,世界文化遺産,世界遺産指定候補
歴史,fromCluster,0.7419,43.0,1.9413,歴史,歴史探訪,古い歴史,歴史の勉強
見学,fromCluster,0.1783,23.0,1.0384,見学, 見学コース, 見学できる場所, 見学場所, 見学可能な場所, 中を見学, 見学ルート, 見学箇所, 見学出来るところ, 見学ポイント, 見学広場, 見学時間, 見学者
予約,fromCluster,0.0333,18.0,0.8126,予約, 事前予約, ネット予約, 予約の日
説明,fromCluster,0.7667,36.0,1.6253,説明,解説
ツアー,fromCluster,0.4327,49.0,2.2122,ツアー,ツアー会社,ツアーの予約,ツアーの解説,ツアー全体
ガイド,fromCluster,0.7150,100.0,4.5147,ガイド,ガイドさん,案内,案内人,案内の人,案内の方,名ガイドさん,地元ガイド,案内人個人のお話,ガイドさんの説明,ガイドの説明,ガイドの女性,ガイドさんの話,現地のガイド
天気,fromCluster,0.2026,77.0,3.4763,天気,天候,お天気,天気予報,悪天候,気候,天候や波,天候不良,長期天気予報
酔い止め薬,fromCluster,0.0250,12.0,0.5418,酔い止め, 酔い止め薬, 船酔い止め薬, 酔い止めの薬
船酔い,fromCluster,-0.7091,22.0,0.9932,船酔い, 船の揺れ, 船酔
波,fromCluster,-0.2778,36.0,1.6253,波,波高,波の高さ,波が高い,高浪,高波,大波止,波が強い,波の状態
劣化,fromCluster,-0.4200,15.0,0.6772,風化, 老朽化, 劣化
写真,fromCluster,0.4389,18.0,0.8126,写真, 写真撮影, 撮影, 写真集, フォトジェニック, 記念写真, 写真サイト, 写真スポット
迫力,fromCluster,0.8400,15.0,0.6772,迫力, 迫力満点
景色,fromCluster,0.7700,20.0,0.9029,景色, 景観, 絶景, 外観
風景,fromCluster,0.6118,17.0,0.7675,風景, 光景, 原風景, 異様な風景, 生活風景, 地形
雰囲気,fromCluster,0.3211,19.0,0.8578,雰囲気, 壮大な雰囲気, 灰色な雰囲気