お茶の工場,fromCluster,0.7000,17.0,1.4757,お茶の工場, お茶の製造工場, お茶工場, 茶工場, 製茶工場, お茶の製造工程, うれしの茶の仕上げ工場, 茶の仕上製造工場
工場見学,fromCluster,0.1822,45.0,3.9062,工場見学,工場,製造工場,工場価格,製造工程の説明,製造工場見学,工場の案内,仕上げ工程,工場内の暑さ
ふりかけ,fromCluster,0.7000,9.0,0.7812,ふりかけ, お茶のふりかけ, お茶ふりかけ, 緑茶のふりかけ
鯛焼き,fromCluster,0.5250,8.0,0.6944,鯛焼き, 抹茶入り鯛焼き, たい焼き, お茶の葉入りの鯛焼き
お菓子,fromCluster,0.5345,29.0,2.5174,お菓子,お菓子類,お菓子屋,工場直販のお菓子
ソフトクリーム,fromCluster,0.7088,68.0,5.9028,ソフトクリーム,お茶のソフトクリーム,抹茶ソフト,お茶ソフトクリーム,抹茶ソフトクリーム,お茶ソフト,抹茶のソフトクリーム,緑茶のソフトクリーム,お茶のアイスクリーム
石鹸,fromCluster,0.5500,12.0,1.0417,お茶石鹸, ボディソープ, 石鹸, シャンプー, ボディーソープ, お茶の石鹸, お茶せっけん, 洗い心地
試飲サービス,fromCluster,0.6444,9.0,0.7812,お茶の試飲, 煎茶の試飲サービス, 紅茶の試飲, お茶の試飲サービス
試飲,fromCluster,0.7324,34.0,2.9514,試飲,試食,子供試飲,飲み比べ,試飲サービス
水出し茶,fromCluster,0.8500,6.0,0.5208,水出しのお茶, 水出し, 水出し煎茶, 水出し緑茶, 水出し茶, 水出し嬉野茶
うれしの茶,fromCluster,0.7667,6.0,0.5208,うれしの紅茶, うれしの, 嬉しの茶, 嬉野うれしの茶, うれしの茶
ほうじ茶,fromCluster,0.6333,15.0,1.3021,ほうじ茶,焙じ茶
お茶,fromCluster,0.7175,183.0,15.8854,お茶,日本茶,新茶, 上撰茶, 三根製茶, 粉茶, 釜炒り茶,緑茶, 抹茶アイス, 玄米茶, 抹茶割, しいたけ茶, うめ茶, カテキン濃いめのお茶, 抹茶味, カテキン茶, 勝菌緑茶,お茶の香り, お茶の匂い, お茶のサービス, お茶のつめ放題, 館内のお茶の匂い, 温かいお茶, 美味しいお茶, 品質の良いお茶, お茶関係, お茶の説明, 淹れて頂いたお茶, お茶関連のもの, お茶好きな方, お茶の詰め放題, お茶感, お茶の歴史, 温かいお茶のおもてなし, ほうじ茶のサービス品, お茶グッズ, お茶の歌, お茶の味, お茶の接待
紅茶,fromCluster,0.7250,16.0,1.3889,紅茶, 冷茶, 和紅茶, 冷茶のサービス
お茶製品,fromCluster,0.6654,26.0,2.257,お茶製品, お茶を使った商品, お茶に関する製品, 茶製品,お茶のお土産, お土産のお茶, お茶の佃煮, お茶のパック, 茶葉の詰め合わせ, お徳用お茶, お土産用のお茶製品, お茶の葉のシミとりパック, お茶の葉の佃煮, お茶のつくだ煮, 茶箱のお茶
お茶菓子,fromCluster,0.6846,13.0,1.1285,お茶菓子, お茶のお菓子, お茶のチョコ, お茶でできた饅頭, お茶まんじゅう, お茶のまんじゅう, お茶クランチチョコ, お茶ブッセ, お茶クッキー, お茶の餡
お茶の種類,fromCluster,0.7125,8.0,0.6944,お茶の種類, 茶葉の種類
店内,fromCluster,0.1518,56.0,4.8611,店内,店員,お店,店,従業員,店の中,お店の中,お店の方,ショップ,店舗,販売スタッフ,直売店,店頭,お店の入口,販売店,小売店,店内散策,スタッフ,お店の雰囲気,店自体
宿泊施設,fromCluster,0.2833,6.0,0.5208,旅館, ホテル, ホテルのロビー
道の駅,fromCluster,0.1667,6.0,0.5208,道の駅, 道の駅や土産屋さん
バス,fromCluster,0.0909,11.0,0.9549,観光バス, バスツアー, バス
駐車場,fromCluster,0.4154,13.0,1.1285,駐車場, 駐車場代, 駐車場入口
品揃え,fromCluster,0.4889,9.0,0.7812,品揃え, 品数
種類,fromCluster,0.7500,6.0,0.5208,種類
商品,fromCluster,0.4429,14.0,1.2153,商品, 加工品, 美用品, 製品, 品物
価格,fromCluster,0.4500,14.0,1.2153,値段, 価格, 価値, 金額, 値段設定, お値段
サービス,fromCluster,0.3500,8.0,0.6944,サービス, サービス券
香り,fromCluster,0.8167,6.0,0.5208,香り, におい, 薫り
味覚,fromCluster,0.7714,7.0,0.6076,味, 苦味
お土産,fromCluster,0.5384,99.0,8.5938,お土産,お土産屋さん,おみやげ,土産,お土産売り場,お土産品,お土産やさん,お土産屋,土産品,お土産品屋,土産物,土産物店,土産話,お土産物,お土産物屋,お土産用,お土産コーナー,お土産の種類,お土産のお菓子,お土産処,土産に困ったら
嬉野,fromCluster,0.6779,95.0,8.2465,嬉野,嬉野茶,嬉野温泉,嬉野のお茶,嬉野紅茶,嬉野温泉街,嬉野の紅茶,嬉野茶工場,嬉野館,嬉野茶発祥の地,嬉野温泉の化粧水,嬉野のお土産,嬉野茶のせっけん,嬉野茶専門の道の駅,嬉野茶のお菓子,嬉野土産,嬉野のお茶っ葉