食事,fromCluster,0.2750,8.0,2.3188,食事, 食事処, お食事, 食事とセットのプラン
野菜,fromCluster,0.8400,5.0,1.4493,地元の野菜, フロント前の地産の野菜や果物, 産直野菜, 野菜
お土産,fromCluster,0.6250,4.0,1.1594,売店, お土産, 土産物屋
レストラン,fromCluster,0.7000,6.0,1.7391,レストラン,イタリアンぽいレストラン
レストラン熊の川,fromCluster,0.9333,3.0,0.8696,熊野川御前, レストラン「熊の川」, レストラン熊の川
休憩,fromCluster,0.4200,5.0,1.4493,休憩所, 休日, 休憩場, 休憩処
アクセス,fromCluster,0.6333,3.0,0.8696,アクセス, 車でのアクセス
館内,fromCluster,0.5500,4.0,1.1594,館内, ホテル館内
宿泊施設,fromCluster,0.2600,5.0,1.4493,ホテル, 宿泊施設, 宿泊
施設,fromCluster,0.4300,10.0,2.8986,施設,古い施設,施設利用料,駐車場, 公園
価格,fromCluster,0.4000,4.0,1.1594,料金, セット料金, お値段
時間,fromCluster,-0.4333,3.0,0.8696,営業時間, 開店時間, 待ち時間
サービス,fromCluster,-0.2500,4.0,1.1594,受付, 接客, 客のマナー
混雑,fromCluster,0.2167,6.0,1.7391,人混み, 混雑なし, 混雑, 人の少なさ
炭酸泉,fromCluster,0.7435,23.0,6.6667,炭酸泉,炭酸浴,炭酸泉のお湯,炭酸水,炭酸泉掛け流し,炭酸冷泉,炭酸泉の冷泉,炭酸泉のお風呂
お湯,fromCluster,0.2429,7.0,2.029,お湯,お湯の赤い所
温泉,fromCluster,0.4654,26.0,7.5362,湯の種類, 透明の湯, 壺湯,内湯, 外湯の温泉,温泉,温泉センター,温泉宿
温度,fromCluster,-0.4667,3.0,0.8696,お風呂の温度, 湯の温度, お湯の温度
岩盤浴,fromCluster,0.6267,15.0,4.3478,岩盤浴,岩盤浴室,岩盤浴（衣水付）,岩盤浴の開始時間
日帰り温泉,fromCluster,0.4333,3.0,0.8696,日帰り入浴, 日帰り温泉施設, 日帰り温泉
泉質,fromCluster,0.8000,3.0,0.8696,泉質, 温泉の泉質
源泉,fromCluster,0.9250,4.0,1.1594,源泉浴槽, 源泉のお湯, 源泉湯, 源泉かけ流し湯
露天風呂,fromCluster,0.6231,13.0,3.7681,露天風呂,露天,露天の炭酸泉
フットケア,fromCluster,0.2667,3.0,0.8696,足のマッサージ, フットケア, フットマッサージ
ボディケア,fromCluster,0.9000,6.0,1.7391,ボディケア, ボディケアコース, ボディーケア, ボディーコース
マッサージ,fromCluster,0.7222,9.0,2.6087,マッサージ,全身マッサージ,マッサージやエステ
風呂,fromCluster,0.6200,30.0,8.6957,風呂,お風呂,大浴場,浴室,樽風呂,檜風呂,浴場,ジェットバス・気泡風呂,超音波やバブルのお風呂,公衆浴場,ジェットバス,湯船
タオル,fromCluster,-0.5000,4.0,1.1594,タオル, レンタルタオル, バスタオル
プール,fromCluster,0.0800,5.0,1.4493,プール, 流れるプール, 季節限定のプール
サウナ,fromCluster,0.8143,14.0,4.058,サウナ,塩サウナ,サウナ室,赤外線サウナ
ロッカー,fromCluster,0.0667,3.0,0.8696,ロッカー, 脱衣所のロッカー
更衣室,fromCluster,0.4500,4.0,1.1594,脱衣所, 更衣室, 脱衣場
トイレ,fromCluster,0.4333,3.0,0.8696,レストルーム, パウダールーム