呼子,fromCluster,0.7174,23.0,2.6559,呼子,呼子の海
斜張橋,fromCluster,0.8000,5.0,0.5774,斜張橋, ＰＣ斜長橋
橋,fromCluster,0.6095,116.0,13.3949,橋の下, 橋の上, 橋のたたずまい, 橋のライト, 橋自体,橋,大橋,色々橋
青い海と空,fromCluster,0.8400,5.0,0.5774,青い海, 青い空, 真っ青な海
海,fromCluster,0.8000,56.0,6.4665,海,海岸,海原,海上,海の上,海辺
風の見える丘公園,fromCluster,0.7937,16.0,1.8476,風の見える丘公園,風の上の丘公園,風の丘公園,風のみえる丘公園,風が見える丘公園
景色,fromCluster,0.7899,99.0,11.4319,景色,眺め,展望台,景観,風景,展望スペース,眺望,展望所,展望,展望風呂,全景,美しい景色,絶景,自然の景色
夕日,fromCluster,0.9556,9.0,1.0393,夕日, 夕焼け, 夕日の眺め, 夕暮れ時
天気,fromCluster,0.6059,17.0,1.963,天気,お天気,天候
イカ,fromCluster,0.6154,13.0,1.5012,イカ, イカ丸, イカ本家
イカの活き造り,fromCluster,0.8667,6.0,0.6928,イカ活き造り, 烏賊の活き造り, イカの活け造り, お刺身, イカの活き造り
爽快感,fromCluster,0.8800,5.0,0.5774,爽快感, 気持ち, 爽快な気分, 気持ちよさ
風,fromCluster,0.3909,11.0,1.2702,風, 潮風, 渦潮, 海風
歩く,fromCluster,0.5000,8.0,0.9238,散歩, 徒歩, 歩けるところ, 歩く
遊歩道,fromCluster,0.6800,25.0,2.8868,遊歩道,歩道,橋の遊歩道,歩行者用の歩道,海中遊歩道,橋の歩道
ドライブ,fromCluster,0.8118,17.0,1.963,ドライブ,ドライブコース,ドライブスポット
車,fromCluster,0.2111,9.0,1.0393,車, 大きな車
漁業,fromCluster,0.7333,6.0,0.6928,漁港, 魚, 釣り場所, 漁港の風景, 魚釣り
宿泊施設,fromCluster,0.5143,7.0,0.8083,旅館, 旅館よぶこ, 宿泊, ホテル, 宿泊先
駐車場,fromCluster,0.3167,18.0,2.0785,駐車場,駐車スペース,無料駐車場,停車
写真撮影,fromCluster,0.6667,9.0,1.0393,写真, 記念写真, 記念撮影, 写真撮影
弁天,fromCluster,0.5625,8.0,0.9238,弁天遊歩道, 弁天, 弁天様, 弁天島, 弁天橋
加部島,fromCluster,0.5692,26.0,3.0023,加部島,鹿部島
島,fromCluster,0.5143,7.0,0.8083,島, 島の景色, 小川島
牧場,fromCluster,0.6000,6.0,0.6928,杉ノ原放牧場, 牧場, 杉之原放牧地
神社,fromCluster,0.5000,7.0,0.8083,神社, 田島神社, お宮