唐津城,fromCluster,0.3313,83.0,5.1171,唐津城,唐津,唐津駅,唐津湾,唐津城下,唐津方面,唐津港,唐津側のフェリー乗り場,唐津からの交通手段,唐津桟橋,唐津の港,唐津市,唐津ドライブ,唐津城下の桟橋,唐津観光案内所
駐車場,fromCluster,0.1083,12.0,0.7398,駐車場, 唐津城の駐車場, 東城内駐車場, 城内駐車場, 唐津城ふもとの駐車場, 唐津城駐車場
海上タクシー,fromCluster,0.3609,46.0,2.836,海上タクシー,水上タクシー
フェリー乗り場,fromCluster,0.1333,36.0,2.2195,フェリー, 船着き場, 船着場, 桟橋, フェリー乗り場, 渡船場, 船乗り場, 宝当桟橋, 渡船, 船着き場周辺, 渡し船, 渡し舟
定期船,fromCluster,0.1647,51.0,3.1443,定期船,連絡船,定期連絡船,船の定期便,定期便の船,定期連絡線
船,fromCluster,0.2011,91.0,5.6103000000000005,小型船, チャーター船, 片道船, 小さな船, 個人船, 公営船, 大きな船,船,舟
船旅,fromCluster,0.5889,9.0,0.5549,船旅, 船内, 船で行く, 船での移動, 船でのアクセス, 船で数分で行ける
宝くじ売り場,fromCluster,0.3031,32.0,1.9729,宝くじ売り場,宝くじを売っている店,宝くじのお店,宝くじ売り場の男性,島の宝くじ売り場,宝くじの島,宝くじ屋,宝くじ売場
宝くじ,fromCluster,0.3971,138.0,8.508,宝くじ,宝クジ,宝くじ高額当選,宝くじ購入,宝くじ袋,ジャンボ宝くじ,宝くじ関連グッズ,宝くじが当たる,宝くじの運,宝くじの神様,宝くじファン,宝くじのご利益,宝クジグッズ,宝くじをいれる袋,オータムジャンボ宝くじ
くじ,fromCluster,0.3143,14.0,0.8631,スクラッチ, たからくじ, レインボーくじ, 初夢くじ, スクラッチくじ, くじ, スピードクジ, スクラッチ宝くじ, ギャンブルや宝くじ
宝くじ当選祈願,fromCluster,0.6667,9.0,0.5549,宝くじ当選祈願, 宝くじの当選祈願, ジャンボ宝くじ当選祈願, 宝クジ祈願, 宝くじ祈願, 宝くじ当せん祈願
ご利益,fromCluster,0.6080,25.0,1.5413,ご利益,御利益,御利益グッズ
当選,fromCluster,0.6500,16.0,0.9864,高額当選, 当選, 高額当選者, 当選報告, 当選祈願, 当選御礼, 当選くじ, 当選袋
参拝,fromCluster,0.3556,18.0,1.1097,参拝, 参拝のポイント, 参拝方法, 参拝の仕方
お参り,fromCluster,0.5250,12.0,0.7398,お参り, 御参り
神社,fromCluster,0.5675,249.0,15.3514,神社,宝当神社,塩屋神社,小さな神社,稲荷社,稲荷神社,宝島神社,神社巡り,奥の神社,放蕩神社,寶當神社,人気がある神社,こじんまりした神社
祈り,fromCluster,0.3222,9.0,0.5549,祈願, お祈り, 祈り, 祈る方, 祈祷
お守り,fromCluster,0.4222,9.0,0.5549,お守り, 御守り, 御守類
宝当袋,fromCluster,0.4313,16.0,0.9864,宝当袋, 宝袋, 宝当袋の巾着袋
雰囲気,fromCluster,0.4333,12.0,0.7398,雰囲気, 風, 風情
島,fromCluster,0.3857,70.0,4.3157,島,小さな島,島民,島内,離島,島の見どころ,島の人達,島全体,糸島市,小島,島散策,島の風景
高島,fromCluster,0.3294,34.0,2.0962,高島,高島渡船場,高島港
裏参道,fromCluster,0.3700,10.0,0.6165,裏参道, 裏参道の洞, 裏参道の祠
混雑,fromCluster,0.2300,10.0,0.6165,混雑, 人の多さ, 賑わい, 混雑していない, にぎわっている
猫,fromCluster,0.6560,50.0,3.0826,猫,ネコ,ニャンコ
飲食店,fromCluster,0.1000,13.0,0.8015,カフェ, 食堂, お食事処, 食事をする場所, 食事処やカフェ, お茶をする店, ご飯を食べる店, レストラン
店,fromCluster,0.1286,14.0,0.8631,お店, 商店, 店