貸切,fromCluster,0.8571,7.0,0.5771,貸切湯, 貸切風呂, 貸切状態, 貸切り風呂, 貸切温泉
お風呂,fromCluster,0.4638,69.0,5.6884,お風呂,露天風呂,家族風呂,風呂,水風呂,内風呂,家族湯,岩風呂,箱蒸し風呂,ヒノキのお風呂,山を望む露天風呂,バリアフリー対応の家族風呂,外のお風呂,メイン風呂,陶器風呂,半露天の温泉
サウナ,fromCluster,0.4000,10.0,0.8244,サウナ, サウナ用のシート, サウナ室
入浴,fromCluster,0.3625,8.0,0.6595,入浴, 入浴料, 入浴料金, 入浴券販売機
浴場,fromCluster,0.3588,17.0,1.4015,洗い場, 共同浴場, 浴槽, 浴室, 公衆浴場, 大浴場, 浴衣
熊の川温泉,fromCluster,0.7000,31.0,2.5556,熊の川温泉,熊野川温泉,熊ノ川浴場,熊の川浴場,熊野川浴場,熊の川,熊の川のお湯,熊の川温泉郷,熊の川の湯沼花,熊の湯温泉,熊の湯浴場,熊野川温泉郷
砂蒸し風呂,fromCluster,0.8000,7.0,0.5771,砂蒸し風呂, 砂蒸し, 砂蒸し温泉
湯,fromCluster,0.5756,41.0,3.38,湯船, 湯, 湯加減, 入湯料, 湯豆腐, 湯量,ちどりの湯, チドリの湯, 千鳥の湯, かわせみの湯,内湯, 足湯, 名湯, 湯治, 湯治の湯, 立ち寄り湯, ヌル湯, 地元で愛されている湯, 旅館の立ち寄り湯
お湯,fromCluster,0.6675,40.0,3.2976,お湯,熱湯,熱い湯,温湯,熱めの湯
ぬる湯,fromCluster,0.7022,46.0,3.7923,ぬる湯,ぬるゆ,ぬるみの湯,ぬるい温泉,ぬるめの湯,ぬるめの温泉,ぬるい湯
泉質,fromCluster,0.7800,20.0,1.6488,泉質,放射能泉,泉温,飲泉
日帰り温泉,fromCluster,0.7143,7.0,0.5771,日帰り温泉, 日帰り温泉施設, 日帰り入浴施設, 日帰り, 日帰り入浴, 日帰り湯
温泉,fromCluster,0.7138,152.0,12.531,温泉,温泉の質,お湯の質,温泉の種類,温泉の湯,温泉質,温泉水,武雄温泉, 温泉宿, 温泉掛け流しの宿, ふるゆ温泉, バラ温泉, 宿の温泉,温泉地, 温泉郷,温泉施設, トロトロの温泉, 温泉旅行気分, アットホームな温泉施設, 地元の温泉施設, 温泉スタンド, 多機能温泉, 温泉まんじゅう, 温泉センター, 温泉効能
温泉街,fromCluster,0.5200,25.0,2.061,温泉街,温泉街の雰囲気
古湯温泉,fromCluster,0.7812,48.0,3.9571,古湯温泉,古湯,古湯・熊の川温泉郷,古湯温泉街,古湯・熊の川温泉郷ぬる湯手形,古湯温泉山あかり,古湯・熊の川ランチバス
レストラン,fromCluster,0.4714,7.0,0.5771,食事処, レストランのスタッフ, おいしいお食事処, 飲食店, お食事処, レストラン
食事,fromCluster,0.6190,21.0,1.7312,食堂, 昼食, お弁当, セルフの食堂, 夕食, ランチ,食事, お食事, 地産地消の食事, 食事の内容, 和会席のお食事
野菜,fromCluster,0.6500,8.0,0.6595,野菜, お野菜
カレー,fromCluster,0.6465,43.0,3.5449,カレー,ダムカレー,嘉瀬川ダムカレー,ダムカレーセット,カレーセット,嘉瀬川ダムカレーセット,カツカレー
お土産,fromCluster,0.3818,11.0,0.9068,お土産, お土産のお米, お米のお土産, お米引換券, お土産屋さん
揚げ物,fromCluster,0.6857,7.0,0.5771,唐揚げ, 素揚げの蓮根, 素揚げした野菜
川,fromCluster,0.7471,17.0,1.4015,川, 川沿い, 川の流れ, 川岸, 川の流れる音, 川の景色, 川遊び, 川のせせらぎ
清潔感,fromCluster,0.9750,8.0,0.6595,清潔感, 綺麗, 清潔, 掃除
肌,fromCluster,0.8438,16.0,1.319,お肌, 肌
リラックス,fromCluster,0.8444,9.0,0.742,のんびり, ゆっくりでき, ゆっくり, おんくり, ゆっくりと過ごす, ゆったり
町並み,fromCluster,0.4800,10.0,0.8244,町並み, 町全体, 街並み, 町の様子, 街, 町
雰囲気,fromCluster,0.7765,17.0,1.4015,雰囲気,のどかな感じ,お洒落な雰囲気,ほっこり感
料金,fromCluster,0.2818,11.0,0.9068,料金, 料金設定, 料金システム
価格,fromCluster,0.5667,9.0,0.742,価格, 値段, 価格相応
ラドン,fromCluster,0.6875,8.0,0.6595,ラドン温泉, ラドン含有量, ラジウム温泉, ラドン含有
地元の人々,fromCluster,0.1625,8.0,0.6595,地元の方, 地元のご年配の方, 近隣住民
家族旅行,fromCluster,0.7250,8.0,0.6595,家族, 家族旅行
スタッフ,fromCluster,0.8714,7.0,0.5771,スタッフ, 従業員, スタッフの対応
駐車場,fromCluster,0.1400,10.0,0.8244,駐車場, 宿の駐車場
宿泊施設,fromCluster,0.6000,11.0,0.9068,旅館, ホテル, 大和旅館
宿泊,fromCluster,0.5000,7.0,0.5771,宿, お宿, 連泊, 宿泊
インフラ,fromCluster,0.4125,8.0,0.6595,施設, 設備, 建物
景観,fromCluster,0.8625,8.0,0.6595,景色, 風景, 眺め