竹崎,fromCluster,0.8750,12.0,3.8339,竹崎カキ, 竹崎海産, 竹崎蟹, 竹崎ガニ, 竹崎がに, 竹崎の牡蠣, 竹崎のカキ街道, 竹崎
牡蠣,fromCluster,0.8333,36.0,11.5016,牡蠣,牡蠣小屋,牡蠣フライ,佐賀の牡蠣焼き,牡蠣飯,牡蠣や海鮮,普段行く牡蠣小屋,牡蠣店,牡蠣や貝類,牡蠣街道,牡蠣小屋街道
蟹料理,fromCluster,0.6000,6.0,1.9169,蟹汁, 蟹, 蟹のお味噌汁
カニ,fromCluster,0.4600,5.0,1.5974,カニ,カニの選び方
かに汁,fromCluster,0.9000,4.0,1.278,かに汁, カニ汁
カニ飯,fromCluster,-0.0333,3.0,0.9585,カニ飯, かに飯
貝類,fromCluster,0.5500,4.0,1.278,蛤, ホタテ
ハマグリ,fromCluster,0.8667,3.0,0.9585,ハマグリ, 白ハマグリ
エビ,fromCluster,0.8125,8.0,2.5559,エビ,赤えび
海産物,fromCluster,0.7250,4.0,1.278,海産物, 海の素材
魚介類,fromCluster,0.9334,6.0,1.917,新鮮な魚介類, 大ぶりの魚介類,貝, 魚貝類
ヒオウギ貝,fromCluster,0.5400,5.0,1.5974,ヒオウギ貝
美味しさ,fromCluster,0.9667,6.0,1.9169,美味しさ,美味しい,美味しかった
食事,fromCluster,0.9000,4.0,1.278,食事, 食べ物
太良,fromCluster,0.7667,3.0,0.9585,太良, 太良の浜焼き屋
炭火,fromCluster,0.7000,4.0,1.278,炭火, 炭代サービス
カキ料理,fromCluster,0.6833,6.0,1.9169,カキ, カキフライ, カキ飯, カキの食べ比べ
セット,fromCluster,0.4375,8.0,2.5559,セットのメニュー, 海鮮セット, セットの物, 浜焼きのセット, 牡蠣たっぷりセット, 通常セット, 牡蠣のセット, たっぷりセット
じゃらん,fromCluster,0.5500,6.0,1.9169,じゃらん,じゃらん予約
じゃらんセット,fromCluster,0.7000,4.0,1.278,じゃらんセット, じゃんらんセット, じゃらんのセット
クーポン,fromCluster,0.7200,5.0,1.5974,クーポン,遊びのクーポン
接客,fromCluster,0.2125,8.0,2.5559,接客,お客さん,受付,お客
スタッフ,fromCluster,0.8800,5.0,1.5974,スタッフ, 男性スタッフ, スタッフの接客
お店の方,fromCluster,0.7846,13.0,4.1534,お店の方,店内,店員,お店の雰囲気,店員さん,人気店,店
価格,fromCluster,0.8875,8.0,2.5559,価格, コスパ, お値段, 値段, リーズナブル
サイドメニュー,fromCluster,0.6143,7.0,2.2364,サイドメニュー,メニュー
予約,fromCluster,0.3143,7.0,2.2364,予約,予約受付
景色,fromCluster,0.9000,3.0,0.9585,テラスからの景色, 景色, 絶景
サザエ,fromEntity,0.8400,10.0,3.1949
はまぐり,fromEntity,0.7000,5.0,1.5974