梅田スカイビル,fromCluster,0.7238,42.0,2.0329,梅田スカイビル,シネ・リーブル梅田,梅田周辺のビル群,梅田のスカイビル,梅田駅周辺の高層ビル群,梅田界隈のビル群
景色,fromCluster,0.9104,125.0,6.0504,大阪の夜景, 大阪の景色, 大阪を一望, 大阪の展望, 大阪府内の景色, 大阪の絶景, 大阪市内の絶景, 大阪中の景色, 大阪の風景,景色,風景,絶景,光景,景観,絶景スポット
街並み,fromCluster,0.7944,18.0,0.8712,大阪の街, 大阪の街並み, 大阪市街, 大阪市街地, 大阪の町, 大阪の町並み, 大阪の市街地
空中庭園,fromCluster,0.8220,91.0,4.4046,空中庭園,空中庭園展望台,空中庭園の展望,スカイ庭園,空間庭園
スカイビル,fromCluster,0.6971,35.0,1.6941,スカイビル,スカイビルの空中庭園,スカイビル展望台,スカイビルの空中庭園展望台
展望台,fromCluster,0.7635,104.0,5.0339,展望台,展望フロア,展望室,空中展望台,屋上の展望台,展望スペース,展望台の景色,展望ギャラリー,展望施設,屋上からの景色,展望台のカフェ,展望デッキ,屋外展望台,展望台のチケット,展望所
景観,fromCluster,0.8667,15.0,0.726,眺望, 展望
眺め,fromCluster,0.9552,29.0,1.4037,眺め,ながめ
外国人,fromCluster,0.3500,24.0,1.1617,外国人, 外国人のお客さん, 外国の方, 外国人の方, 外国人に人気, 外国客
外国人観光客,fromCluster,0.1813,16.0,0.7744,外国人観光客, 外国人の観光客, 海外の観光客, アジア系の観光客, 外国の観光客, 外国観光客, 外国からの来訪者
ツリー,fromCluster,0.8000,12.0,0.5808,ツリー, 大きいツリー, ビッグツリー, 大きなツリー
クリスマス,fromCluster,0.7333,12.0,0.5808,クリスマス, クリスマスアイテム, クリスマス時期, クリスマスイベント, クリスマスのイベント
クリスマスマーケット,fromCluster,0.8857,21.0,1.0165,クリスマスマーケット, ドイツクリスマスマーケット, ドイツクリスマスマーケット大阪, ドイツ・クリスマス・マーケット, クリスマスドイツマーケット
建物,fromCluster,0.6610,77.0,3.727,建物,ビル,高層ビル,建築物,建築,ビル内,新しいビル,古いビル,ビルの地下,建物の作り,ビルからの景色,建物の造り,建物の構造,巨大ビル,建物デザイン,ビルの建設写真,連結超高層ビル,ユニークな形のビル,ビルの形,建物の外装,高層建築ビル
エレベーター,fromCluster,0.2833,18.0,0.8712,エレベーター, エレベータ
エスカレーター,fromCluster,0.2528,36.0,1.7425,エスカレーター,エスカレータ
駅,fromCluster,-0.1250,16.0,0.7744,駅, 駅からの距離, 駅からのアクセス, 駅周辺
映画,fromCluster,0.5563,16.0,0.7744,映画館, 映画
レストラン,fromCluster,0.5750,20.0,0.9681,レストラン, レストラン街, レストランエリア
飲食店,fromCluster,0.6187,16.0,0.7744,飲食店, 飲食店街, 食堂街
夕暮れ,fromCluster,0.8615,13.0,0.6292,夕焼け, 夕暮れ時, 夕日, 夕陽, サンセット, 夕日の時間, 夕方, 夕暮れの景色, 夕暮れの眺め
夜景,fromCluster,0.8901,141.0,6.8248,夜景,昼間の景色,夜の美しさ,兵庫の夜景,昼の景色,東京の夜景,夜の景色
天気,fromCluster,0.0480,25.0,1.2101,風, 天気, 強風, お天気, 天気の良い夜
雰囲気,fromCluster,0.8267,15.0,0.726,雰囲気, ゆったりと過ごせる雰囲気, 落ち着いた雰囲気
カップル,fromCluster,0.5881,42.0,2.0329,カップル,カップルシート,カップル連れ,カップル向き,カップルむけ,カップルにおすすめ,カップル専用の施設
入場,fromCluster,-0.0500,12.0,0.5808,入場料, 立入禁止, 再入場, 入場料サービス, 入場規制
デート,fromCluster,0.8265,34.0,1.6457,デート,デートむけ,デートコース
イベント,fromCluster,0.6063,16.0,0.7744,イベント, イベント時の混雑
ショッピング,fromCluster,0.5333,12.0,0.5808,お店, ショッピング, ショップ, ディープなお店, 一部店舗
恐怖,fromCluster,-0.5000,12.0,0.5808,高所恐怖症, 恐怖感, 恐怖
高さ,fromCluster,0.5000,11.0,0.5324,高さ, 高いところ
屋上,fromCluster,0.4762,21.0,1.0165,屋上, 屋上出口, 屋上庭園
混雑,fromCluster,-0.2364,11.0,0.5324,混雑, 混雑度, 混み具合, 大混雑