ジンベイザメ,fromCluster,0.8327,171.0,8.4653,ジンベイザメ,ジンベエザメ,ジンベイサメ,ジンバイザメ,ジンメイザメ
種類,fromCluster,0.8364,11.0,0.5446,魚の種類, 種類, 種類の魚たち, お魚の種類
魚たち,fromCluster,0.8056,18.0,0.8911,魚たち, お魚たち, 魚の数, 魚たちの食事, 魚達の餌付け, 太平洋を泳ぐ魚たち, 他の魚たち, 魚の泳いでいる様子
魚,fromCluster,0.7827,75.0,3.7129,魚,お魚,魚達,魚類,おさかな,お魚さん,フグ,海つり,魚の匂い
海洋哺乳類,fromCluster,0.7774,31.0,1.5347,ラッコ, アザラシ, カワウソ, アシカ, ワモンアザラシ, 子供アシカ
サメ,fromCluster,0.8154,13.0,0.6436,サメ, スナメリ, 小サメ, サメ肌
クラゲ,fromCluster,0.7182,11.0,0.5446,クラゲ, クラゲさん, クラゲのブース, クラゲの水槽
海洋生物,fromCluster,0.8909,11.0,0.5446,マンボウ, マンタ
ペンギン,fromCluster,0.7857,42.0,2.0792,ペンギン,ペンギンのぬいぐるみ,ペンギンの赤ちゃん,ペンギンウォーク,ぬいぐるみ,ペンギン館,アシカやアザラシ、ペンギン,ペンギンの行進,ペンギンの散歩,ペンギンショー,ペンギンぬいぐるみ,ペンギンのパレード,ペンギンパレード,ペンギンのお散歩
水族館,fromCluster,0.7190,116.0,5.7426,水族館,夜の水族館,地元の水族館,地方の水族館,大型の水族館,夕方から夜の水族館,夜の海遊館,広い水族館,夜の水族館ツアー,大型水族館,水族館の規模
水槽,fromCluster,0.6951,162.0,8.0198,水槽,大水槽,巨大水槽,大きな水槽,大きい水槽,巨大な水槽,中央の水槽,魚の水槽,触れる水槽,大型水槽,地域ごとの水槽,小さな水槽,メインの大水槽,メンイの水槽,大水槽（太平洋）,イワシの水槽,高足ガニの水槽,大型の水槽,建物全体の高さの大水槽,水槽の配置,屋内水槽,メインの水槽,魚と触れ合える水槽,メイン水槽,水槽を叩く子供
ふれあいコーナー,fromCluster,0.6562,16.0,0.7921,ふれあいコーナー, 触れ合いコーナー, 触れ合い, ふれあい広場, ふれあいスペース, 手で触れるコーナー, 触れるコーナー, タッチコーナー, 動物とのふれあいコーナー, 触れ合える, 生き物に触れるコーナー
楽しめる場所,fromCluster,0.8667,18.0,0.8911,楽しめる, 楽しい, 楽しい所, 楽しめます, 楽しめました, 楽しめる場所, 遊べる, 楽しめた, 近場で楽しめるスポット, レジャー
観覧車,fromCluster,0.7000,20.0,0.9901,観覧車, 大観覧車
入場料,fromCluster,-0.2261,23.0,1.1386,入場料, 入館料, 入場券, 入場制限, 入場料＋乗船料のセット券, 入場, 入場規制, 夜間の入館, 入場ゲート, 入り口, 入口
チケット,fromCluster,-0.0400,15.0,0.7426,チケット, Webチケット, 券売機, チケット売り場, 前売り券, チケット購入の列
料金,fromCluster,-0.3462,13.0,0.6436,料金, 価格, 値段, お値段
ショー,fromCluster,-0.0364,11.0,0.5446,ショー, いるかのショー, ショウ, ショウー
デート,fromCluster,0.8409,22.0,1.0891,デート, デートスポット
館内,fromCluster,0.6185,27.0,1.3366,館内,館内の飲食,館内のライティング,館内順路
展示,fromCluster,0.7176,17.0,0.8416,展示, 展示方法, 展示ルーム, 特別企画展示, 行動展示, 企画展示
イルミネーション,fromCluster,0.8630,27.0,1.3366,イルミネーション, ライトアップ, 照明, ちきゅうたいかんイルミネーション, 冬のイルミネーション, イルミネーションの遠近
大人向け,fromCluster,0.7850,20.0,0.9901,大人, 大人向け
子供,fromCluster,0.6947,57.0,2.8218,子供,子ども,子供達,子供たち,子供向け,小さな子供,子ども達,小さい子供,小さいお子さん,小さい子,子供受け,子どもたち
家族連れ,fromCluster,0.6545,11.0,0.5446,家族連れ, ファミリー連れ
カップル,fromCluster,0.6500,14.0,0.6931,カップル, 結婚式, カップルのデート, フラッシュをたいて撮影するカップル, 若いカップル
家族,fromCluster,0.8267,15.0,0.7426,家族, 友達, ファミリー, 友人, ファミリー層
エイ,fromCluster,0.7250,16.0,0.7921,エイ, ベイエイア, ミニエイ, イトマキエイ
平日,fromCluster,0.5538,13.0,0.6436,平日, 平日の夜, 平日の朝一, 平日の夕方, 平日の午前中
動物,fromCluster,0.7318,22.0,1.0891,動物, 生き物, 生物, 動物たち
人間,fromCluster,-0.3000,12.0,0.5941,人, 人間, ヒト
リラックス,fromCluster,0.9000,13.0,0.6436,癒される, リラックス, 癒し, くつろげる, ストレス解消, 癒やし, のんびり
広さ,fromCluster,0.4500,18.0,0.8911,広さ, 広い
迫力,fromCluster,0.7786,14.0,0.6931,迫力, 迫力満点
混雑,fromCluster,-0.3434,53.0,2.6238,混雑,人混み,人ごみ,混み合っている,混み合い,混んでいる,混み日,込み合い