子供,fromCluster,0.8106,47.0,2.025,子供,子供たち,子ども,子どもたち,子供さん達,子ども達
子連れ,fromCluster,0.7500,12.0,0.517,子連れ, 子供連れ, お子様連れ, 子供さん連れ, 親子連れ, 幼稚園連れ, 子供と一緒に行きたい
家族,fromCluster,0.8619,21.0,0.9048,家族, 家族連れ, ファミリー, 家族の楽しみ, 家族旅行
料金,fromCluster,-0.3375,16.0,0.6894,料金, 別料金, 追加料金, 有料コーナー
お土産,fromCluster,0.6769,13.0,0.5601,お土産, お土産屋さん, お土産店, お土産コーナー, おみやげやさん, おみやげやさんの方, お土産物
写真撮影,fromCluster,0.5833,30.0,1.2925,写真撮影, 記念撮影, 写真, 記念写真, 撮影, 額に入った写真, 写真が撮れない
ヘリコプター遊覧,fromCluster,0.4538,13.0,0.5601,ヘリコプター, ヘリコプター遊覧, 遊覧飛行
坂,fromCluster,-0.5471,17.0,0.7324,坂道, 坂, 坂のきつさ
楽しさ,fromCluster,0.9160,25.0,1.0771,楽しかった, 楽しめた, 思い出, 楽しさ, 楽しい, 喜んでいた, 楽しめます, 楽しむこと, 楽しむ, 面白かった, 楽しい想い出, 嬉しい, 楽しめる
エサやり,fromCluster,0.5903,31.0,1.3357,エサやり, エサ, エサやり体験, エサをあげられる, エサ代,餌やり, 餌をあげる, 餌をあげれる
イベント,fromCluster,0.6636,22.0,0.9479,イベント, イベント内容
みやざわ劇場,fromCluster,0.7469,96.0,4.1361,みやざわ劇場,宮沢劇場,宮沢さん,ミヤザワ劇場,みやざわさん,宮澤劇場,宮沢先生の笑顔,みやざわさんのショー,宮沢さんのステージ,みやがわ劇場,みやざわさんの劇,みやざわ劇場と動物ショー,宮沢劇場のショー
劇場,fromCluster,0.2812,16.0,0.6894,劇場, 劇, ﾐﾔｻﾞﾜ劇場, ﾊﾟﾝｸﾝ劇場, 劇場公演, 観劇, イベントの劇場
ショー,fromCluster,0.7458,59.0,2.542,ショー,ショー会場,ショーの会場,ショー劇場
動物園,fromCluster,0.6609,23.0,0.991,動物園, 動物エンターテインメントパーク, 動物園＋公園感覚
園内,fromCluster,0.4586,29.0,1.2495,園内, 園内の造り, 園内の道, 園内の催し, 園内移動, 園内の坂, 園内パンフレット
入場料,fromCluster,-0.1619,63.0,2.7143,入場料,入園料,入場料金,入場券,入園,入場口,園の入口,開園時間,入園料の割引,入園チケットクーポン,入場
スタッフ,fromCluster,0.7963,27.0,1.1633,スタッフ, 職員, 従業員, 係員, スタッフさん, staff
施設,fromCluster,0.3320,25.0,1.0771,施設, 敷地, 室内, 施設の維持管理, 屋内施設, 場内設備, 施設の清潔さ, 敷地内, 施設内
カドリードミニオン,fromCluster,0.7419,31.0,1.3356,カドリードミニオン,カドリ〜ドミニオン〜,阿蘇カドリードミニオン,カドニードミニオン,カドリードミニオン入り口のお土産ショップ
カドリー・ドミニオン,fromCluster,0.8000,17.0,0.7324,カドリー・ドミニオン, 阿蘇カドリー・ドミニオン, 阿蘇のカドリー・ドミニオン
プリンちゃん,fromCluster,0.7818,22.0,0.9479,プリンちゃん, プリンちゃんのショー
パン君,fromCluster,0.4979,142.0,6.1181,パン君,パンくん,パン君のショー,パンくんのショー,パン君バーガー,パン,チンパンジーのパン君,パン君の劇場,パンのショー,パン君劇場,パンくんエリア,えさの食パン,パンくんの劇,メロンパン,パン君の劇,パン君グッズ,パンくんの舞台,パンくん劇場,サルのパンくん,ぱんくん,パン君の芸,パン君達のショー,パンちゃんのショー,チンパンジーのパンくん,ぱんくんショー,お猿のパンくん,パンくんの森,パン君の小劇場,パンの耳,パン君の演技
パンくんとジェームスのショー,fromCluster,0.9167,12.0,0.517,パンくんとジェームスのショー, ぱんくんとジェームスくんのショー, パンくんとジェームズのショー, パン君やジェームスのショー, パン君とジェームス君のショー, パンくんやジェームズのショー, パン君とジェームスのショー, 天才チンパンジーのパン君とジェームズのショー, パン君＆ジェームス劇場, パンくん＆ジェームスのショー, パンくんとジェームズのお芝居
パン君とジェームス,fromCluster,0.8294,17.0,0.7324,パン君とジェームズ, パンくんとジェームス, パン君＆ジェームス, パン君・ジェームズ, パン君とジェームス君, パン君・ジェームス, ぱんくんとジェームス, パン君ジェームス君, ぱんくん＆ジェームス, パンくんジェームス, パンくんとジェームズ, パン君＆ジェームズ, パンくんやジェームズ
ジェームス,fromCluster,0.7724,29.0,1.2495,ジェームス, ジェームズ, ジェームス君, ジェームスバーガー, ブルドックのジェームス, ジェームズくん, ﾊﾟﾝくんのｼｮｰ, ﾊﾟﾝくん, ﾊﾟﾝ君
餌,fromCluster,0.1500,14.0,0.6032,餌, 餌代
熊の餌やり,fromCluster,0.5091,22.0,0.9479,熊の餌やり, 熊の餌, クマのエサやり, 熊に餌やり, クマの餌やり, クマの餌, 熊の餌付け, クマのご飯, 熊さんの餌やり, 熊にエサをあげる, 熊のえさ, 熊のエサやり
クマ,fromCluster,0.7201,214.0,9.2202,クマ,クマさん,小クマ,社交的なクマ,ヒグマ,くま, こぐま, くまエリア,熊たち, 熊さん, クマ小屋, 熊さん達, 熊のお出迎え, クマさんたち, クマのコーナー, 熊ちゃん, 熊の檻,熊,小熊,子熊,仔熊さん,仔熊
赤ちゃん熊,fromCluster,0.8600,15.0,0.6463,赤ちゃん熊, 熊の赤ちゃん, クマの赤ちゃん, くまのあかちゃん, クマの子, 赤ちゃんクマ, 子熊の赤ちゃん, 子供のクマ
小熊とのふれあい,fromCluster,0.8571,21.0,0.9048,子ぐま, 小熊との写真撮影, 小熊との記念撮影, 小熊の移動, 小熊ちゃんとの写真撮影, コグマとのふれあい, 小熊と一緒に写真, 小熊との記念写真, コグマとの写真撮影, 小熊との輪投げ, 小熊達との触れ合い, 子熊との写真, 子ぐまとの写真撮影, 子熊とのふれあい, 子ぐまと写真, 子ぐまと触れ合う, 小熊と写真
ふれあい,fromCluster,0.7967,60.0,2.5851,動物との触れ合い, ふれあい, 触れ合い, 動物とのふれあい, 動物と触れ合う, 犬との触れ合い, ふれあいコーナー, ワンちゃんのふれあいコーナー, ふれあい広場, ふれあう, ふれあいの動物たち, 動物とふれあう, ネコと触れあえる場所, ふれあい体験, 動物と触れ合える施設, ネコや犬と触れ合えるところ, わんちゃんのふれあい施設, 触れ合う, ワンちゃんとの触れ合い, 犬のふれあい, ふれあえるコーナー, 動物達とのふれあい, 動物とのふれ合い, ネコやイヌと触れ合えるコーナー, 犬の触れ合い広場, 犬のふれあいコーナー, 犬と触れ合える施設, 動物たちとの触れ合い, 触れあうこと, 犬と触れ合い, 動物と間近で触れ合うこと, 犬と猫のふれあい広場, ふれ合いコーナー, 触れ合うコーナー, 触合う, 触れ合える, ふれあえる動物, 犬のコーナー, 猫と触れ合える場所, 猫のふれあい, 触れ合い体験, ふれあい動物村, 動物に触れ合える場所, 動物ふれあい, 動物たちとふれあえるエリア, ふれあい動物
アルパカ,fromCluster,0.7471,17.0,0.7324,アルパカ, アルパカと一緒に散歩するイベント
ペンギン,fromCluster,0.7750,24.0,1.034,ペンギン, ペンギンのショー, ペンギンショー, ペンギンの学校, ペンギンの滝, ペンギン広場, ペンギンの餌やり
カピバラ,fromCluster,0.7769,13.0,0.5601,カピバラ, カピパラ, カピバラ池, カピパラの赤ちゃん, カピバラの池
動物,fromCluster,0.7771,109.0,4.6963,動物,どうぶつ,生き物
動物たち,fromCluster,0.7935,31.0,1.3356,動物たち, 動物達, 動物の種類, 動物さん達, 解放されている動物たち, 動物たちの種類
動物ショー,fromCluster,0.7286,21.0,0.9048,動物のショー, アニマルショー, 動物たちのショー, 猿のショー, 動物ショー, 動物エンターメントショー, 動物ファンタジーショー, サルのショー, 犬やオウムのショー, 動物たちのエンターテインメントショー, お猿さんやワンちゃんのショー
猫,fromCluster,0.4697,33.0,1.4218,猫, にゃんこハウス, 猫ハウス, 猫の施設, 猫の家, ネコ, 猫カフェ, 猫の部屋, ねこの家, 肩乗り猫, ネコカフェ, 猫ちゃん, ねこハウス, ネコたち, ネコちゃんハウス
犬,fromCluster,0.7147,34.0,1.4649,犬,犬たち,大きな犬,小さな犬,老犬