金箔ソフトクリーム,fromCluster,0.7087,23.0,1.03,金箔ソフトクリーム, 金箔のソフトクリーム
金箔入り食品,fromCluster,0.5583,12.0,0.5374,金箔アイス, 金箔のアイス, 金箔入りコーヒー, 金箔入りスープ, 金箔入りのスイーツ
金箔ソフト,fromCluster,0.6320,100.0,4.4783,金箔ソフト,金箔,金箔のお店,金粉,金箔体験,金箔グッズ,金箔コスメ,金箔を使った商品,金の蔵,金箔貼り体験,金箔製品,金箔関連のお店,金の商品,金箔の部屋,金箔雑貨,金箔やさん,金箔を扱う店,金箔くずきり,金箔の畳のお部屋,金箔入り,金箔を利用した化粧品,貴金属,金箔屋,そば粉,金箔の倉,金,金箔を張り巡らせたお蔵,金箔関連の商品を扱うお店,金箔シート,金箔関連の店,金箔の化粧品,金箔の茶屋,箔一,箔,金箔文化,金箔をあしらった品,金箔張り体験,金箔細工のお店,金箔箸の体験レッスン,金箔の蔵,金粉ソフト,金箔を使った小物のお土産屋,金箔工芸体験
茶屋街,fromCluster,0.6966,145.0,6.4935,茶屋街,ひがし茶屋街,お茶屋さん,お茶屋,茶屋,西茶屋街,東茶屋街,にし茶屋街,東茶屋,にし町茶屋街,ひがし茶屋入り口,お茶街,お茶屋見学,東茶屋（夜）,東茶屋（日中）,お茶屋美術館,茶屋カフェ,茶屋街の雰囲気,茶屋造りの建物,茶屋町ムード,三大茶屋街,茶屋街風情,東茶屋町,ひがし茶屋,城下町の茶屋街,お茶屋の志摩,お茶屋さん街,茶屋構え,お茶屋さんの建物
カフェ,fromCluster,0.5880,50.0,2.2391,カフェ,和カフェ,町屋カフェ,テラス席のあるカフェ,カフェ多聞,おしゃれなカフェ,お洒落なカフェ,町家カフェ,カフェアート,カフェテリア
日本茶,fromCluster,0.7214,14.0,0.627,お茶, 日本茶, 天野茶店, 日本茶専門店, 森八茶寮
抹茶,fromCluster,0.8185,27.0,1.2091,抹茶, お抹茶, 抹茶と和菓子, 抹茶のデザート, 抹茶のブラマンジェ, お抹茶と和菓子, お茶と和菓子, 抹茶のかき氷, カフェでのお抹茶, 抹茶と和菓子のセット
お土産,fromCluster,0.5786,28.0,1.2539,お土産,お土産物
お土産屋,fromCluster,0.5513,39.0,1.7465,お土産屋さん, お土産屋, お土産やさん, お土産物屋さん, 土産物屋, 土産屋, お土産店, お土産のお店, お土産物やさん, お土産もの屋さん
お店,fromCluster,0.4037,134.0,6.0009,お店,店,店舗,ショップ,お店の方,商店,女性従業員,お店の確認,入口のお店,お店屋さん,店のたたずまい,店の方,店員,お店の数, おしゃれなお店, 人気店, 個性豊かなお店, 名店, 同じようなお店, 高級そうなお店, 観光客が立ち寄り易い店, 魅力的なお店, オシャレな店舗, お土産物や飲食店街, 趣のあるお店や建物, 他の店
雑貨,fromCluster,0.6211,19.0,0.8509,雑貨屋, 雑貨, 和雑貨, 雑貨店, 雑貨のお店
飲食店,fromCluster,0.3773,22.0,0.9852,食事処, 飲食店, 食べ物屋さん, 食事, 食べ物屋, 食べ物, お食事処, 飲食, お食事のお店
甘味処,fromCluster,0.5786,14.0,0.627,甘味処, 甘味, 甘味どころ
和菓子,fromCluster,0.7594,32.0,1.433,和菓子, お菓子, 上生菓子, 和菓子屋, 生菓子, 和菓子のお店, 和菓子屋めぐり, 菓子屋, 和菓子の名店, お菓子屋さん, 和菓子やさん
スイーツのお店,fromCluster,0.7167,12.0,0.5374,スイーツ, スイーツのお店, 和スイーツ, アイスクリームのお店, ワッフルのお店
ソフトクリーム,fromCluster,0.8737,19.0,0.8509,ソフトクリーム, アイスクリーム, 烏骨鶏のソフトクリーム, 金沢の芋ソフトクリーム, 金箔をのせた烏骨鶏のソフトクリーム, 烏鶏庵のソフトクリーム, 棒茶のソフトクリーム
混雑,fromCluster,-0.3625,32.0,1.433,混雑, 人混み, 混み具合, 大混雑, 人ごみ, 交通量, 渋滞, 喧騒, 混雑度合い
散策,fromCluster,0.7563,16.0,0.7165,散歩, 街歩き, お散歩, 歩く, 町並み散策, 歩行者天国, 歩き回りやすい, 徒歩
街並み,fromCluster,0.7749,187.0,8.374400000000001,街, 街並, 町並,金澤町家建築, 金沢の茶屋街, 金沢の古い街並み, 金沢三茶屋, 古都金沢, 金沢町家, 金沢市東茶屋街, 金沢の町屋, 金沢の古き町並み, 金沢一の茶屋街, 昔の金沢の風情,街並み,町並み,古い街並み,古い町並み,街の雰囲気,街並みの雰囲気,古都,下町感,古都城下町の風情,レトロな町並み,街並みの統一感,昔の街並み,昔の城下町の雰囲気,古風な街並み
観光客,fromCluster,0.1029,35.0,1.5674,観光客,外国人観光客,外国人や観光客,海外観光客,中国系の観光客,外国人の観光客
写真撮影,fromCluster,0.6074,27.0,1.2091,写真, 写真撮影, 写真が撮れない, 写真を撮る, 写真を撮る場所, 写真スポット, 撮影スポット, モデルさんの撮影会, 記念写真
風景,fromCluster,0.8462,13.0,0.5822,風景, 雪景色, 風景・街並み, 日本風景
バス,fromCluster,0.3667,12.0,0.5374,バス, バス停, バス移動
駐車場,fromCluster,-0.4138,29.0,1.2987,駐車場,有料駐車場,無料駐車場,駅前のパーキング
着物レンタル,fromCluster,0.6810,21.0,0.9404,着物, レンタル着物, 浴衣, 着物姿, 着物レンタル, 着物や浴衣, 着物レンタル屋さん, 着物（レンタル）
金沢,fromCluster,0.8000,50.0,2.2391,金沢,金沢市,金沢の景観,金沢の街
雰囲気,fromCluster,0.7667,99.0,4.4335,雰囲気,風情,廓の雰囲気,廓の灯り,昔の雰囲気,お洒落な雰囲気,たたずまいの雰囲気,雰囲気の良いお店,古の雰囲気,風情ある町並み,入りづらい雰囲気,雰囲気のあるお茶屋さん,昔の風情,風情のある家並み
歴史的建物,fromCluster,0.7190,21.0,0.9404,古い建物, 伝統的建築物, 重要伝統的建造物群保存地区, 伝統的な建物, 歴史ある建物, 古風ある建物, 歴史を感じる建物, 古くからの建物, 建物保存地区, 歴史的建造物, 歴史建造物, 古い建築物, 昔の建物, 重要伝統建造物区域
建物,fromCluster,0.6571,28.0,1.2539,建物,建物の趣,建物の佇まい,建物内,建具,建物や風情