パンダ,fromCluster,0.6894,330.0,16.2642,パンダの赤ちゃん, ジャイアントパンダ, 赤ちゃんパンダ, レッサーパンダ, 子供パンダ,パンダ,パンダ舎,パンダゾーン,パンダ小屋,パンダエリア,食事中のパンダ,パンダ観覧,パンダの列,パンダバス,パンダ館,パンダちゃん,パンダうどん
動物,fromCluster,0.7147,150.0,7.392799999999999,ライオン, ゾウ, ぞう, ライオンや虎, 虎, 大きな動物, 大きい動物, 猛獣,動物,動物好き
種類の動物,fromCluster,0.7786,14.0,0.69,動物の種類, 種類, 種類の動物
動物たち,fromCluster,0.5500,26.0,1.2814,動物たち, 動物達, 他の動物たち, 見応えのある動物達
シャンシャン,fromCluster,0.5174,23.0,1.1336,シャンシャン, パンダのシャンシャン, シャンシャンの成長記録の入場券
ゴリラ,fromCluster,0.6097,31.0,1.5278,ゴリラ,オスのゴリラ,イケメンゴリラ,赤ちゃんゴリラ,ニシゴリラ
家族連れ,fromCluster,0.7350,20.0,0.9857,家族連れ, 子連れ, 子連れのファミリー
子供,fromCluster,0.8220,41.0,2.0207,子供,息子,子供たち,子ども,子どもたち,子供をあそばせられる,お子さん,子供に人気,子ども達,子どもの気持ち,子供の日
動物園,fromCluster,0.6636,107.0,5.2735,動物園,天王寺動物園,旭川動物園,サファリパーク,他の動物園,マンモス動物園,うえの動物園,広い動物園
園,fromCluster,0.3385,26.0,1.2814,西園, 東園, 公園, 園, 公園口, 公園のような感覚, 楽園
施設,fromCluster,0.6231,13.0,0.6407,美術館, 博物館, 科学館, 水族館
モノレール,fromCluster,0.5257,35.0,1.725,モノレール,園内モノレール,専用モノレール
敷地,fromCluster,0.6333,18.0,0.8871,敷地, 敷地面積
広さ,fromCluster,0.4280,25.0,1.2321,広さ,面積
園内,fromCluster,0.6490,49.0,2.415,園内,洞窟内,室内,館内,施設内
平日,fromCluster,0.5176,17.0,0.8379,平日, 非日常, 平日の昼間
ハシビロコウ,fromCluster,0.6187,16.0,0.7886,ハシビロコウ, ハシビロコウ鳥
入場料,fromCluster,0.5886,44.0,2.1686,入園料, 入場料, 入園, 入場券, 入園チケット, 入園券, 入園料の安さ, 入場者
ベビーカー,fromCluster,0.5182,11.0,0.5421,ベビーカー, ベビーカーの貸し出し, ベビーカーレンタル
価格,fromCluster,0.7222,18.0,0.8871,料金, お値段, 値段, 価格, 低価格, お値打ち感
癒しと可愛さ,fromCluster,0.9167,12.0,0.5914,可愛い動物, 癒し, 癒される, かわいかった, 癒されました, かわいい動物, かわいくて, かわいい, かわいくて癒されました
混雑,fromCluster,-0.2455,44.0,2.1686,混雑,混み具合,人混み,混み合う,人の少なさ,人だかり,人の多さ,大賑わい,にぎやか,人集り,混む
行列,fromCluster,0.1696,23.0,1.1336,行列, 象, 道, 列, 像, 公開
大人,fromCluster,0.6615,13.0,0.6407,大人, オトナ, 大人になってから
楽しさ,fromCluster,0.7917,12.0,0.5914,楽しさ, 楽しい, 楽しいコト, 楽しめます, 楽しめる, 楽しく過ごせた, 一日中楽しめた, 楽しかった, 楽しめました