スイーツ,fromCluster,0.7357,14.0,0.7239,スイーツ, スイーツ食べ放題, デザート
カフェ・お店,fromCluster,0.7222,36.0,1.8614,カフェ, 楽しい場所, かわいいお店, 小さなお店, 可愛いカフェ, 可愛らしいお店, 柴犬喫茶, オシャレなカフェ, 安いチェーン店カフェ, 楽しいお店, 楽しそうなお店, 可愛いお店, 面白いお店, 小さいお店, フクロウカフェ, 喫茶店, 可愛いショップ, 面白い店
雑貨店,fromCluster,0.5970,33.0,1.7063,雑貨屋, 雑貨, 雑貨屋さん, 雑貨のお店, 雑貨アイテム, 雑貨古着のお店, 雑貨店, 雑貨を売るお店, 小物雑貨店
ショッピング,fromCluster,0.4956,45.0,2.3268,買い物, ショッピング, お買い物, ウィンドウショッピング, ウインドウショッピング, ウインドーショッピング, 買い物客, ショップ巡り, 買物, ウィンドーショッピング, 購入
店,fromCluster,0.3444,27.0,1.3961,店, 店舗, 店員, 店内, 店の従業員, 出店, 路面店, 入店, shop, 店舗型, 店対応
お店,fromCluster,0.4859,142.0,7.3423,お店,ショップ,男性向けのお店,お店の数,お店の閉店時間,お店を探す,いろんなお店,同じようなお店,お店の入れ替わり,お店や商品,お店の種類,新しいお店
アクセサリーショップ,fromCluster,0.6769,13.0,0.6722,アクセサリー, アクセサリーのお店, アクセサリーショップ
洋服店,fromCluster,0.5592,49.0,2.5336,洋服, 服屋, 洋服屋, 洋服屋さん, お洋服, 服屋さん, 洋服店, 服のお店, 洋服のお買い物, 若者のファッションブランド, 衣料品店, カワイイ洋服, 洋服や雑貨屋さん, 洋服やさん, アパレルショップ, お洋服屋さん, 普通の服屋さん, 服を売っている店, 洋服や雑貨, お洋服やアクセサリー, ブランドの洋服
個性的,fromCluster,0.6000,10.0,0.5171,個性的なお店, 個性的なファッション, 個性的な洋服, 個性的, 個性的なショップ, 個性, 個性的な人
流行,fromCluster,0.7261,23.0,1.1892,流行, 話題のお店, 流行りのお店, 流行の発信地, 流行の品物, 流行最先端のショップ, 流行っているもの, 流行ファッション, 流行の最先端, 流行最先端の物, 若者のファッションの流行発信地, 流行の洋服
おしゃれ,fromCluster,0.7385,13.0,0.6722,オシャレな服, おしゃれなお店, おしゃれな店, おしゃれ, オシャレな感じの通り, おしゃれな人, オシャレなもの, オシャレな洋服店, オシャレ, お洒落な店舗
ファッション,fromCluster,0.7000,23.0,1.1892,ファッション, ファッションアイテム, ファッションスタイル, ファッション関係, ファッションセンス, ファッションの通り
若者の街,fromCluster,0.3267,15.0,0.7756,若者の街, 若者向けの街, 若者のまち, 若者の為のスポット, 若い通り, 若者の通り, 若者の聖地, 若者の町
若者,fromCluster,0.4299,77.0,3.9814,若者,若い子,若い人,若者向け,若者文化,若い子たち,若い人達,若者流行,若者の流行,若い子向け,若い方向け,若い人たち,若者の最新トレンド,若者パワー
子供,fromCluster,-0.0667,12.0,0.6205,子供連れ, 子供, 子供たち, 子連れ, 子どもさんのまち, 小さなお子様, 子ども, 幼稚園児, 子供向けのお店
学生,fromCluster,0.4500,10.0,0.5171,学生, 学生さん, 若い学生
飲食店,fromCluster,0.5103,29.0,1.4995,飲食店, 食べ歩き, 買い食いできるお店, 軽食店
食事,fromCluster,0.6273,11.0,0.5688,食べ物, 食事, お食事, 食, 食べた物
クレープ,fromCluster,0.6452,104.0,5.3775,クレープ,クレープ屋さん,クレープ屋,クレープのお店,出店のクレープ,マリオンクレープ,コムクレープ,原宿のクレープ,クレープ店,マリオンのクレープ,マリオン,クレープスタンド
わたあめ,fromCluster,0.6545,11.0,0.5688,わたあめ, わたあめ屋さん, わたがし
週末,fromCluster,-0.4200,10.0,0.5171,土日, 週末, 土曜日の午後
楽しさ,fromCluster,0.8680,25.0,1.2927,楽しい, 楽しさ, 楽しむ, 楽しめます, 遊ぶ, 満足
形状,fromCluster,-0.2000,11.0,0.5688,行列, 道, 形
衣類,fromCluster,0.3700,10.0,0.5171,服, 衣, 商品
雰囲気,fromCluster,0.4231,13.0,0.6722,雰囲気, お店の雰囲気, 素敵な空間
価格,fromCluster,0.5308,13.0,0.6722,価格, 値段, 値段が上がった, 価格設定, 価格帯
古着,fromCluster,0.3400,10.0,0.5171,古着屋, 古着系, ハイブランドの古着屋, 古着
活気,fromCluster,0.7091,11.0,0.5688,活気, 元気, 周りの活気
賑やかさ,fromCluster,0.7950,20.0,1.0341,賑やか, 賑わい, にぎわい, 華やか, にぎやか, 賑わっている
人が多い,fromCluster,-0.4200,25.0,1.2927,人の多さ, 人が多い, 人の多い所, 人がいっぱい
人混み,fromCluster,-0.5840,50.0,2.5853,人混み,人ごみ,人だかり,人込み
混雑,fromCluster,-0.5689,74.0,3.8263,混雑,大混雑
外国人観光客,fromCluster,0.2900,50.0,2.5853,外国人観光客, 外国人, 外国の方, 海外の観光客, 外国人旅行客, 外人さん, 外国人客, 外国人のファッション, 外国語の看板, 外国人のお友達, 外国からの友人, 外国人の呼び込み, 外国人ツアー, 外国人向けの店, 日本人観光客, 海外からの観光客
竹下通り,fromCluster,0.3706,102.0,5.274,竹下通り,竹下口
通り,fromCluster,0.1222,36.0,1.8614,通り,人通り,路地,通行,通り道,通り抜け,通り抜ける,通路
観光客,fromCluster,0.2714,28.0,1.4478,観光客,観光
明治神宮,fromCluster,0.4091,11.0,0.5688,明治通り, 明治神宮, 明治神宮前, 神宮外苑
街並み,fromCluster,0.4600,25.0,1.2927,街, ストリート, 街並み, 街中, 商店街, ファッション街, メインストリート, 町並み, メイン通り, 街のパワー, センター街