間欠泉,fromCluster,0.5484,31.0,1.489,間欠泉,鉄泉池,間歇泉,間欠泉公園,奥の間欠泉
温泉,fromCluster,0.7118,160.0,7.6849,温泉,温泉街,温泉地,温泉街のお店,温泉入浴,温泉施設,温泉グッズ,地元温泉関係者,温泉の湖,温泉活動,温泉の湯気, 温泉臭, 温泉の源泉, 高温の源泉, 温泉気分, 別府温泉の湯煙, 温泉のもと, 温泉地の醍醐味, 温泉の素, 温泉のお湯, 温泉の種類, 温泉の雰囲気
温泉施設,fromCluster,0.7218,55.0,2.6417,足湯, 奥の湯, 天然の足湯, 天然足湯, 露天風呂, 森林浴, 大浴場, 大湯沼の足湯, 大湯沼川天然足湯, 内湯, ジャグジー, 家のお風呂, 大浴場からの眺め, 足浴, 足湯場, さぎり湯, 天然川の足湯, 大湯沼川天然温泉, 自然の足湯, 奥の湯・大湯沼, 名湯, 天然のお湯, 天然温泉
地獄谷,fromCluster,0.6518,197.0,9.4621,地獄谷,登別地獄谷,地獄谷散策,地獄谷の駐車場,地獄谷見学,地獄谷の風景,地獄谷の遊歩道,積雪時期の地獄谷,地獄谷展望台,駐車場から地獄谷までの距離,看板と地獄谷,地獄谷遊歩道,地獄谷ハイキング
地獄,fromCluster,0.0304,23.0,1.1047,地獄, 地獄のイメージ, 大正地獄, 草木が枯れた地獄のような谷, 地獄のような雰囲気, 殺伐とした景色, 地獄のような迫力, 地獄巡り, 地獄のような風景, ライトアップされた地獄
花火,fromCluster,0.7750,28.0,1.3449,鬼花火, 花火, 手筒花火, 夏の鬼花火, 鬼の花火, 花火の迫力, 鬼の手持ち花火, 鬼火の花火
鬼火祭り,fromCluster,0.6818,11.0,0.5283,鬼火の路, 鬼火のイベント, 鬼火祭, 鬼の火祭り, 地獄谷の鬼火, 鬼火, 鬼火祭り
鬼,fromCluster,0.5667,12.0,0.5764,鬼, 鬼の金棒, 鬼の像, 赤鬼と写真, 鬼のディスプレイ, 鬼さんたち
匂い,fromCluster,0.0800,15.0,0.7205,匂い, におい, 臭い, イオウのにおい, ニオイ, 香り
硫黄,fromCluster,0.3529,17.0,0.8165,硫黄, 硫黄の温泉, 硫黄の川
硫黄臭,fromCluster,-0.1091,11.0,0.5283,硫黄臭, 硫黄臭い
硫黄の匂い,fromCluster,-0.0037,108.0,5.1873,硫黄の匂い,硫黄の香り,硫黄の臭い,硫黄のにおい,硫黄のニオイ
煙,fromCluster,0.3204,49.0,2.3535,煙,噴煙,湯煙,白い煙,白煙,湧き上がる煙,噴煙の迫力,大きな煙,立ち込める煙,噴煙やお湯,煙を噴いてるところ
湯気,fromCluster,0.5811,37.0,1.7771,湯気,蒸気,水蒸気,蒸気の音
自然,fromCluster,0.8429,42.0,2.0173,自然, 大自然, 自然の力, 自然の風景, 自然の恵み, 自然の偉大さ, 自然の脅威と神秘, 自然の川, 自然の素晴らしい場所, 自然の驚異, 自然の迫力, 自然の息吹
景色,fromCluster,0.7924,66.0,3.17,景色,風景,景観,絶景,光景,眺め,景勝地,全景
雰囲気,fromCluster,0.6333,24.0,1.1527,雰囲気,風情,独特の雰囲気
幻想的,fromCluster,0.9000,11.0,0.5283,幻想的, 神秘的
迫力,fromCluster,0.7211,38.0,1.8252,迫力,迫力満点,大迫力
散策,fromCluster,0.6057,35.0,1.6811,散策, 散策路, 散策コース, 散策道, 散策する道, 散策用の歩道
遊歩道,fromCluster,0.6091,55.0,2.6417,遊歩道,歩道,散歩道,歩道の石壁
散歩コース,fromCluster,0.6556,18.0,0.8646,散歩, お散歩, ウォーキングコース, お土産散歩コース, 散歩コース
ホテル・旅館,fromCluster,0.3947,19.0,0.9126,ホテル, 旅館, ホテル街, ホテル・旅館, ホテルの朝食会場, 旅館街
駐車場,fromCluster,0.1306,36.0,1.7291,駐車場,駐車,駐車場係
大湯沼,fromCluster,0.6429,28.0,1.3449,大湯沼,大湯沼駐車場,奥の沼,大湯沼の駐車場,大湯沼の駐車場代,大沼
紅葉,fromCluster,0.7133,15.0,0.7205,紅葉, 紅葉している山々, 紅葉の山々, 紅葉シーズン
子供,fromCluster,0.4267,15.0,0.7205,子供, 子供達, 子ども, 子供たち, 小さい子
ライトアップ,fromCluster,0.8150,20.0,0.9606,ライトアップ, 足元のライトアップ, ライト, オレンジ色の光, 夜の明かり
坂道,fromCluster,-0.1750,12.0,0.5764,坂道, 坂, 上り坂, 宿からの登り坂, 登り坂下り坂
道,fromCluster,0.1786,14.0,0.6724,道, 路
記念写真,fromCluster,0.4733,15.0,0.7205,写真, 記念写真, 記念撮影
外国人観光客,fromCluster,0.0963,27.0,1.2968,外国人, 外国人観光客, 外国人の観光客, 外国の方, 海外からの観光客, 外人さん, アジアからの観光客, アジア系の観光客, 日本人観光客, 海外からのお客, 韓国の観光客, 中国の観光客, 外国人旅行客
観光客,fromCluster,0.1250,28.0,1.3449,観光客,観光,観光シーズン