焼き上がり,fromCluster,0.7541,111.0,5.6203,焼き上がり,焼き方,焼き上がりの色,焼き色,焼き物,焼き上がりの種類,焼成,焼き上げ,できあがり,焼き上がりの雰囲気,焼いてもらう,焼き上げる色,焼き物体験,焼き方の選択肢,夕日焼き,焼き上がりの色を選べる,焼き上がりの色味,焼く,焼き上がりの時間,焼き上がりのデザイン,仕上がりの焼き方,焼き上がりの期待,焼き
粘土,fromCluster,0.7143,42.0,2.1266,粘土,粘土の量,追加粘土,粘土の多めのタイプ,粘土量
陶芸,fromCluster,0.8425,214.0,10.8354,陶芸,陶芸体験,陶芸教室,陶芸の先生,陶芸の体験,陶芸の手順,伊豆の陶芸体験ほけきょ庵,シーサーのコラボ陶芸,陶芸家気分,陶芸屋,陶芸初体験,陶芸家の気分,陶芸に対する誤解の解説,ろくろでの陶芸体験,伊東の陶芸体験,てびねり陶芸,陶芸づくり,手ぶらで陶芸体験,陶芸体験教室
陶器,fromCluster,0.7467,15.0,0.7595,釉薬, 陶器, 陶器の色, 陶器の説明, 陶器作り, 釉薬の色, 釉薬の種類
動画説明,fromCluster,0.6038,26.0,1.3165,動画, レクチャー, 説明動画, 写真, ビデオでの説明, 順序の映像, 動画説明, レクチャー映像, タブレットでの映像説明, 映像, 動画による説明, 動画での説明, 動画を見て始めるスタイル, レクチャー動画, 動画や口頭説明
丁寧な対応,fromCluster,0.8839,31.0,1.5696,親切, 丁寧, 丁寧さ, 丁寧な教え方, 丁寧に教えていただきました, 個別に丁寧に教えて, 丁寧な説明, 丁寧に教えて, 丁寧な指導
先生,fromCluster,0.7895,38.0,1.9241,先生,先生方,男性の先生,女性の先生,講師,先生の対応,先生のサポート,教室,先生の説明
対応,fromCluster,0.8214,14.0,0.7089,対応, 質問への対応, 参加者への対応, 質問対応
教え方,fromCluster,0.8701,77.0,3.8987,教え方,教えてくれる,教え,教えてくださる方,教えてもらえない可能性
アドバイス,fromCluster,0.8333,45.0,2.2785,アドバイス,指導,ご指導,案内
スタッフ,fromCluster,0.8582,79.0,4.0,スタッフ,男性スタッフ,スタッフの対応,スタッフのご指導,スタッフの説明,女性スタッフ,女性のスタッフ,staff
お店,fromCluster,0.8543,46.0,2.3291,店員, お店の方, お店の人, お店, お店の雰囲気, 店の雰囲気, 店員さん, 店構え, お店の方のサポート, お店の立地, 店の人の愛想
思い出,fromCluster,0.9138,29.0,1.4684,思い出,思い出作り,良い思い出,思い出の品,想い出,楽しい思い出
ドリンクサービス,fromCluster,0.6800,10.0,0.5063,ドリンクバー, ドリンク, ドリンクフリー, ドリンク無料サービス, ドリンクやコーヒー, 飲み物のサービス, ソフトドリンク
食器,fromCluster,0.6273,11.0,0.557,お皿, 小皿, お皿のサイズ, 小鉢, ケーキ皿
ほけきょ庵,fromCluster,0.9000,23.0,1.1646,ほけきょ庵,ほけきょ庵のスタッフ
料金,fromCluster,0.3364,11.0,0.557,追加料金, 料金, お値段, 値段, 価格
自由,fromCluster,0.8100,10.0,0.5063,自由, 自由度
予約,fromCluster,0.5800,10.0,0.5063,予約, 予約時間, ネット予約, 当日予約
作品,fromCluster,0.7523,86.0,4.3544,作品,作品作り,作品の郵送,作品選び,作品の焼き上がり,作品の数,作品の出来上がり,展示作品,作品造り,作品数
工房,fromCluster,0.7077,13.0,0.6582,工房, 工房の方, クラフト工房, 静かな工房, 工房内, 工房の看板
楽しさ,fromCluster,0.9175,63.0,3.1899,楽しさ,楽しかった,楽しく,楽しい,楽しみ,楽しめました,楽しむ,楽しめた
時間,fromCluster,0.6742,31.0,1.5696,時間,時間無制限,時間制限
満足感,fromCluster,0.9280,25.0,1.2658,満足, 達成感, 満足度, 大満足, 上達, 納得
雰囲気,fromCluster,0.8296,27.0,1.3671,雰囲気,建物の雰囲気
説明,fromCluster,0.8156,45.0,2.2785,説明,説明書き,解説
完成度,fromCluster,0.8027,37.0,1.8735,出来上がり, 出来栄え,完成, 完成品, 仕上がり, 仕上げ
体験,fromCluster,0.8568,111.0,5.6203,体験,経験,体験時間,体験価格,体験内容,全体の体験
初心者,fromCluster,0.7818,11.0,0.557,初心者, 初心者向け, 初心者へのお勧め
自然要素,fromCluster,0.6882,17.0,0.8608,土, 物
電動ろくろ,fromCluster,0.6158,38.0,1.9241,電動ろくろ,電動ろくろ体験,電動ロクロ,自動のロクロ,電気ろくろ
ろくろ体験,fromCluster,0.8500,32.0,1.6203,ろくろ体験,ロクロ体験,ろくろの体験
ろくろ,fromCluster,0.7000,16.0,0.8101,ろくろ, ろくろ回し, ろくろの面白さ, ろくろタイプ, ろくろ作り