大人,fromCluster,0.7371,70.0,3.0905,大人,大人も楽しめる,大人から子供,大人でも楽しめる,大人二人,大人から子供まで楽しめる,大人向けの本,大人も子供も楽しめる工夫
子供,fromCluster,0.6565,92.0,4.0618,子供,子ども,子供たち,子供達,お子さま,こどもたち,お子さん,小さい子供, 幼児, 小学生, 中学生以上, 小さい子, 小さな子供, 小さなお子様, 小さい男の子, 未就学児, 小さな子ども, 小さいお子さん, 年長から中学生, 幼稚園児, 小中学生の団体
息子,fromCluster,0.8200,15.0,0.6623,息子, 息子の喜び
説明,fromCluster,0.5611,18.0,0.7947,説明, 解説, 説明書き, 説明ペン, 説明分, 説明の詳しさ幅広さ, 説明版
建物,fromCluster,0.7077,13.0,0.574,建物, 建築, 建物の内部
駐車場,fromCluster,-0.0550,40.0,1.766,駐車場,駐車,車を停める,無料駐車場
混雑,fromCluster,-0.5710,31.0,1.3687,混雑, 人混み, 渋滞, 人の多さ, 混み様, 混んでいる, 大渋滞, 大混雑
迫力,fromCluster,0.7706,17.0,0.7506,迫力, 迫力満点, 大迫力
勝山,fromCluster,0.1833,12.0,0.5298,勝山駅, 勝山大仏勝山城, 福井県勝山市, 勝山, 福井県勝山, 勝山城
レストラン,fromCluster,-0.0742,31.0,1.3687,レストラン,レストランのメニュー,レストランの食事,レストラン設備
お土産,fromCluster,0.1875,24.0,1.0596,お土産, お土産売り場, お土産コーナー, お土産やさん, お土産店, お土産ショップ, お土産屋さん, 土産物店
チケット,fromCluster,0.0333,12.0,0.5298,チケット, チケット購入, お得なチケット, チケット販売, 前売りチケット, チケット売場, チケットカウンター, 券売所
入場,fromCluster,0.5706,34.0,1.5011,入場料, 入館料, 入場, 入場券, 再入場, エントランス, 再入館, 入館, 入園, 入場口, 入館予約制
エスカレーター,fromCluster,0.5385,26.0,1.1479,エスカレーター, エレベーター, エスカレータ, エスカレーターから見える景色, エレベータ, 入口のエスカレータ, 下りエスカレーター
公園,fromCluster,0.6071,28.0,1.2362,公園,外の公園,公園の東屋,大型の公園
遊び場,fromCluster,0.6083,12.0,0.5298,遊具, 遊ぶ施設, 遊び場, 水遊び場
ドーム,fromCluster,0.7500,12.0,0.5298,ドーム, 銀色卵型ドーム, ドーム型の建物, 銀色のドーム, 卵の形, 卵型の銀色のドーム, ドームの大きさ, タマゴ型の建物, 卵形のドーム
館内,fromCluster,0.3553,38.0,1.6777,館内,館内の撮影,館内放送,館内見るスペース,館内レストラン,館内の食事する場所,館内の構造,館内の移動,館内の雰囲気
施設,fromCluster,0.8238,42.0,1.8543,施設,施設の規模,広い施設,施設拡張工事,豪勢な施設
動く恐竜,fromCluster,0.7588,34.0,1.5011,動く恐竜,動く恐竜達,動く巨大な恐竜
ティラノサウルス,fromCluster,0.7333,15.0,0.6623,ティラノサウルス, ティラノサウルスの広場, ティラノ, ティラノザウルス, ティラノサウル
恐竜展示,fromCluster,0.8111,18.0,0.7947,恐竜の展示, 新しい恐竜の骨の発見展示, 広い会場の恐竜展示物, 恐竜展, アジアの恐竜展, 恐竜の骨の展示, 恐竜に関する展示物, 草食恐竜の展示, 恐竜の卵展, 恐竜の化石の展示
恐竜博物館,fromCluster,0.8676,68.0,3.0022,恐竜博物館,野外恐竜博物館,野外博物館,勝山恐竜博物館,恐竜の博物館,世界三大恐竜博物館,恐竜の世界三大博物館,野外博物館のツアー,恐竜専門の博物館,勝山の恐竜博物館
恐竜模型,fromCluster,0.8440,25.0,1.1038,恐竜の模型, 恐竜模型, 恐竜のレプリカ, 恐竜のモデル, 恐竜の復元模型, T.Rexの骨格復元模型, 恐竜のレプリカ展示, 恐竜の模造品, 恐竜の化石の複製, 恐竜復元セット, 巨大恐竜模型, 復元されたリアルな恐竜のミニチュア
恐竜化石,fromCluster,0.7667,24.0,1.0596,恐竜の化石, 恐竜化石
恐竜,fromCluster,0.7947,228.0,10.0662,恐竜,恐竜のオブジェ,恐竜の歴史,恐竜の世界,恐竜公園,恐竜の森,古代恐竜時代,恐竜関連,恐竜の鳴き声,恐竜の遊具,恐竜グッズ,かつやま恐竜の森,どきどき恐竜発掘ランド,売店の恐竜グッズ,ジュラパの恐竜,恐竜について学べる,恐竜たち,恐竜の本,恐竜電車,恐竜バーガー,恐竜の形をした遊具,恐竜専門,恐竜同士のバトル映像,恐竜の進化,恐竜発掘ランド,恐竜メニュー,恐竜の多さ,新種の恐竜,恐竜のお土産,恐竜の折り紙,恐竜の誕生,恐竜のテーマパーク,恐竜の置物,恐竜の靴下,恐竜の像,メインの恐竜,恐竜イラストのお土産,恐竜嫌いの娘,恐竜のモニュメント,恐竜達,恐竜時代,恐竜街道,恐竜の卵,恐竜好きの子ども,恐竜のバーガー,恐竜の圧倒的スケール,恐竜スポット,肉食恐竜,大きな恐竜達,恐竜のお出迎え,大きな恐竜,恐竜のオブジェクト,恐竜のフォルム,恐竜の公園,恐竜オブジェ,恐竜の種類,恐竜ザ・ワールド,恐竜との散歩道,恐竜博士,恐竜オタク,恐竜フロア,恐竜図鑑,恐竜のお土産コーナー
博物館,fromCluster,0.7821,84.0,3.7086,博物館,ミュージアムショップ,学習的な博物館,良い博物館,アメリカの博物館,本格的な博物館,大人の為の博物館,ミュージアム
展示,fromCluster,0.8096,52.0,2.2958,展示,展示数
展示物,fromCluster,0.7568,44.0,1.9426,展示物,展示品,展示物の解説,博物館の展示,高さを使った展示,屋外の展示,体験型の展示,展示物の多さ,動く展示,館内の展示,海外の展示,幕張展示,展示物の大きさ,子どもが喜ぶ展示物,大型の展示
福井県の恐竜と博物館,fromCluster,0.7786,14.0,0.6181,福井県立恐竜博物館, 福井の恐竜博物館, 福井ラプトル, 福井駅の恐竜, 福井駅前の恐竜, 福井で発掘された化石, 福井県で発掘された化石, 福井県の恐竜博物館, 福井県立博物館
発掘体験,fromCluster,0.6355,31.0,1.3687,発掘体験, 考古学, 体験発掘, 発掘現場, 実際の発掘現場, 発掘体験エリア, 発掘場所, 発掘の研究施設, 発掘できる場所, 野外発掘体験, 発掘系のもの, 発掘
化石発掘体験,fromCluster,0.6973,37.0,1.6336,化石発掘体験, 化石発掘, 化石の発掘体験, 化石発掘の体験, 化石研究体験, 化石発見体験, 化石を削り出す体験, 化石の発掘, テント付きの化石発掘, 化石発掘体験施設, 恐竜の化石掘り, 化石発掘のイベント
骨格標本,fromCluster,0.7440,25.0,1.1038,骨格標本, 全身骨格, 骨格模型, 骨, 骨格標本の展示, 全身骨格の標本, 全身骨格標本, 骨格, 骨格の標本, 骨の展示物, 発掘した骨
化石,fromCluster,0.6892,37.0,1.6336,化石,化石や骨,化石のクリーニング作業,化石の数,展示化石数,化石展示,展示化石,化石や標本,化石クリーニング,化石観察,化石のお掃除