赤瓦,fromCluster,0.7692,13.0,0.5122,赤瓦の屋根, 瓦の建物, 瓦屋根の家, 赤瓦の建物, 赤瓦の平屋, 赤瓦の屋根の色, 赤瓦屋根
牛車,fromCluster,0.6200,35.0,1.379,牛車,牛車観光,牛車乗り場,牛観光,牛舎巡り
水牛,fromCluster,0.6785,65.0,2.5611,水牛,牛,牛さん,水牛のやえちゃん,牛のはなこちゃん
水牛車,fromCluster,0.6652,115.0,4.5311,水牛車,水牛車観光,水牛観光,水牛車体験,水牛車ツアー,牛車体験乗車,フェリーの乗船券と水牛車のセットプラン,水牛での島内観光,観光用の水牛車,島民の方の水牛車反対の看板,道を通る水牛車,船会社のレンタサイクル付きチケット,水牛車付きコース,水牛の散策,水牛に乗って観光,水牛車の送迎車,水牛観光社,水牛車と高速船がセットになった観光チケット,水牛乗り場
レンタサイクル,fromCluster,0.6164,128.0,5.0433,レンタサイクル,レンタルサイクル,レンタルサイクリング,レンタル自転車, 自転車レンタル, 貸自転車, 自転車のレンタル, 貸し自転車, 自転車をレンタル, レンタルバイク
サイクリング,fromCluster,0.7333,30.0,1.182,サイクリング,自転車ツーリング
自転車,fromCluster,0.5500,66.0,2.6005,自転車,普通の自転車,自転車移動
店,fromCluster,0.2357,14.0,0.5516,お店, 商店, 売店, 雑貨屋, オシャレなお店, 店員さん, コンビニ, 店舗, 小さなお店
飲食店,fromCluster,0.5471,17.0,0.6698,カフェ, 飲食店, レストラン, 喫茶店
シーサー,fromCluster,0.7471,17.0,0.6698,シーサー, シーサー達, お願いシーサー, 屋根上のシーサー
塔,fromCluster,0.7643,14.0,0.5516,なごみの塔, 町の真ん中の小さい塔
集落,fromCluster,0.4700,20.0,0.788,集落, 集落内, 集落内の道, 集落街, 集落の道路
街並み,fromCluster,0.8028,36.0,1.4184,街並み, 町並み, 昔ながらの街並み, まちなみ, 古い街並み, 昔の町なみ
時間,fromCluster,0.7111,18.0,0.7092,時間, ひと時
雰囲気,fromCluster,0.7857,42.0,1.6548,雰囲気, のんびり, のんびりとした雰囲気, 夜の雰囲気, 異国の雰囲気, 雰囲気のある家, 静かな雰囲気, 家並みの雰囲気, 夏の雰囲気, 夜の景色, のんびりした空気感, のんびりとした感じ, 長閑な雰囲気, のんびりした感じ, のんびりさ, のどかな雰囲気
道,fromCluster,0.1412,17.0,0.6698,道, 道路, 小道, 道中
ガイド,fromCluster,0.7375,16.0,0.6304,ガイド, ガイドさん, 案内のお姉さんの歌, ガイドブック, 案内人
夕日,fromCluster,0.8500,20.0,0.788,夕日, 夕陽, サンセット, 夕方, 夕暮れ, 日の入り
星,fromCluster,0.8000,13.0,0.5122,星, 星空, 流れ星, 星のや
空,fromCluster,0.9231,13.0,0.5122,青い空, 青空, 真っ青な空, 空の色
空気,fromCluster,0.8875,16.0,0.6304,空気, 空, 空気感, 空間
ハイビスカス,fromCluster,0.7923,13.0,0.5122,ハイビスカス, 赤いハイビスカス, ハイビスカスの花, 鮮やかな花々, デイゴやハイビスカスの色
リゾートホテル,fromCluster,0.2667,18.0,0.7092,リゾートホテル, ホテル, リゾート化, ホテルの食事, リゾート感, 高級ホテル, リゾート施設, 海外リゾート, リゾートホテル建設計画, ◯◯リゾート, 島リゾート, 大型ホテル建設
宿泊,fromCluster,0.6846,13.0,0.5122,宿泊, 宿泊施設, 宿泊先のチョイス
観光客,fromCluster,-0.1440,25.0,0.985,観光客, 外国人観光客, 観光客数, 観光客の減少
景観,fromCluster,0.8489,45.0,1.773,景色, 風景, 景観, 光景, 眺め, 絶景, 景観保護, 原風景
西桟橋,fromCluster,0.8229,35.0,1.379,西桟橋, 桟橋, 西桟橋の夕日, 早朝の西桟橋, 桟橋からの夕日, 西桟橋の夕焼け, 桟橋からのサンセット, 西桟橋の夕陽, 西桟橋からの夕陽, 西浅橋
フェリー,fromCluster,0.4429,35.0,1.379,フェリー,離島ターミナル,フェリーターミナル,フェリー乗り場
高速船,fromCluster,0.5941,17.0,0.6698,高速船, ジェット船, 高速艇, 高速フェリー
船,fromCluster,0.4667,24.0,0.9456,船, 小型船
バス,fromCluster,0.2600,15.0,0.591,バス, バス観光, 小型バス, バスツアー, 村内バス, 観光バス, 定期観光バス, 路線バス, 巡回バス, 循環バス
海の美しさ,fromCluster,0.9576,33.0,1.3002,海の色, 青い海, 綺麗な海, 海の美しさ, 美しい海, きれいな海, 海の現状, 透き通った海, エメラルドグリーンの海, 海の綺麗さ, スカイブルーの海, 青いビーチ, ブルーの海, 海の景色, 透き通った青い海, 海の青さ, 澄んだ海
ビーチ,fromCluster,0.7172,29.0,1.1426,ビーチ,ビーチの風景
コンドイビーチ,fromCluster,0.7700,40.0,1.576,コンドイビーチ,コンドイ浜
星の砂,fromCluster,0.6918,49.0,1.9307,星の砂, 星砂の浜, 星砂, 星の砂探し, 星砂ビーチ, 星の砂の砂浜, 星の砂浜, 星砂の浜のブランコ, 星砂海岸, 星砂の海岸, 星砂浜, 星の砂ビーチ, 星砂ビーチ(ガイジ浜), 星の砂の海岸, 星の砂の浜辺, 星砂探し, 貝殻拾い
砂浜,fromCluster,0.6500,14.0,0.5516,砂浜, 砂
白砂の道,fromCluster,0.4571,28.0,1.1032,砂利道, 砂の道, サンゴの白い道, 珊瑚の道, 白い道, 海に続く坂道, 白いサンゴの道, 花の生け垣と白い道, サンゴ礁の道, 白砂の道, 白い砂の道, 平坦な道, 砂地の道, 道路の砂, 白砂の島の道, 白砂の道路, 砂の歩道, 珊瑚を敷き詰めた道の色, 白砂の歩道
八重山,fromCluster,0.7929,14.0,0.5516,八重山諸島, 八重山そば, 八重山観光, 八重山観光フェリー, 八重山, 八重山らしさ, 八重山諸島建物, 八重山の原風景, 八重山の離島
島,fromCluster,0.7287,129.0,5.0827,小さな島, 小さい島, 平たい島, 可愛い島, のんびりするための島, この島の良さ, 人気の島, 子連れに優しい島, 心落ち着く島, 美しい島, 観光しやすい島, 風光明媚な島, 島の人たちの暖かさ,島,離島,島内,西表島,島の歴史,島の人,島民,島んちゅ,島の食堂,入島料金,島の案内,島の探索,島のグルメ,島の暮らし,南の島,離島気分,島民の生活,島の病院,島のおじさん,島の方,島の住人,島のカニ
石垣島,fromCluster,0.6746,118.0,4.6493,石垣島,石垣,琉球石灰岩の石垣,石垣島のホテル,石垣本島
海,fromEntity,0.8448,67.0,2.6399