JR八浜駅,fromCluster,0.2500,8.0,0.9604,JR八浜駅, ＪＲ八浜駅, ＪＲ宇野線八浜駅
八幡宮,fromCluster,0.7288,59.0,7.0828,八幡宮,大崎八幡宮,鶴岡八幡宮,八浜八幡宮,八幡様,大崎八幡
市岐島姫,fromCluster,0.5133,15.0,1.8007,市岐島姫,市杵島姫命,市杵姫
大崎,fromCluster,0.5800,5.0,0.6002,大崎歴史コース, 大崎
参拝,fromCluster,0.6906,32.0,3.8415,参拝,参拝客,お参り,初詣,のんびり参拝,初詣客,参拝名所,じっくりお参り,参拝無料,落ち着いて参拝,ゆっくりとお参りできました,ゆっくりとお参りできる
神社,fromCluster,0.6557,88.0,10.5642,神社,お寺,寺社,小さな神社,与太郎神社,厳島神社,ひっそりとした神社,お宮, 宮山, 神宮, 御宮, 天神宮
本殿,fromCluster,0.5520,25.0,3.0012,本殿,社殿,拝殿,瑞鳳殿
建物,fromCluster,0.6250,12.0,1.4406,建物,建築物,建造物
鳥居,fromCluster,0.3579,19.0,2.2809,鳥居,石の鳥居,両部大鳥居,海中から鳥居
石段,fromCluster,0.1882,17.0,2.0408,石段,階段
歴史,fromCluster,0.7565,23.0,2.7611,歴史,歴史と文化
平家,fromCluster,0.5038,26.0,3.1212,平家,平家水軍,平家ゆかりの神社,平家ゆかり,平家の水軍,平家ゆかりの八幡様
平清盛,fromCluster,0.3750,8.0,0.9604,平清盛, 清盛
平氏,fromCluster,0.2625,8.0,0.9604,忠盛, 平忠盛
人物,fromCluster,0.5000,6.0,0.7203,人
駐車場,fromCluster,-0.0800,5.0,0.6002,駐車場, 裏手の駐車場
散策,fromCluster,0.6500,6.0,0.7203,お散歩, 散策, じっくり散策
緑,fromCluster,0.8333,18.0,2.1609,緑,緑豊か,新緑,緑豊かな自然
自然,fromCluster,0.8091,33.0,3.9616,自然,自然豊か,自然豊かな場所,自然を楽しむ,自然優美な場所,自然が多い
紅葉,fromCluster,0.9313,16.0,1.9208,紅葉,綺麗な紅葉,紅葉シーズン
境内,fromCluster,0.7353,17.0,2.0408,境内,境内の樹木
木,fromCluster,0.5167,6.0,0.7203,木々, 木
地元の人々,fromCluster,0.7700,10.0,1.2005,地元の方, 地元の人, 地元の人達, 地域の方に愛されている, 地元の人に大切にされている, 地元の方に愛されている
人が少ない,fromCluster,0.5500,6.0,0.7203,人は少ない, 観光客はほとんど訪れない, 観光客が少ない地域, 人もまばら, 人がいなかった, 人が少ない
雰囲気,fromCluster,0.8267,45.0,5.4022,雰囲気,荘厳な雰囲気,素晴らしい雰囲気
風景,fromCluster,0.7714,7.0,0.8403,景色, 外観, 眺め
風情,fromCluster,0.7700,10.0,1.2005,風情, 風合い, 風格
環境,fromCluster,0.8200,5.0,0.6002,空気
静かな場所,fromCluster,0.8167,6.0,0.7203,静かなところ, 静かな場所, 静寂な場所
静か,fromCluster,0.8417,24.0,2.8812,静か,物静か,静寂,閑静
落ち着く,fromCluster,0.9167,6.0,0.7203,落ち着いた気持ち, 落ち着き, 落ち着いた, 落ち着けます, 落ち着いて, 落ち着きます
癒しの場所,fromCluster,0.9375,8.0,0.9604,癒される, 心休まる, 心を落ち着かせる, 心地良い場所, 心落ち着かせお祈りできる場所, 心が落ち着く場所, 癒されました