山岳地帯,fromCluster,0.2333,3.0,0.9288,山中, 山奥, 中国山地
坂道,fromCluster,0.0000,5.0,1.548,坂道, 坂
丘陵地,fromCluster,0.5667,3.0,0.9288,高台, 小高い丘
銅山,fromCluster,0.5800,5.0,1.548,小泉銅山, 銅山, 銅山の全盛期
水琴窟,fromCluster,0.7200,5.0,1.548,水琴窟,水琴屈
距離,fromCluster,0.5500,4.0,1.2384,離れ, 距離
映画とドラマの関連場所,fromCluster,0.6857,7.0,2.1672,映画のロケ地, 映画のロケ, 映画ファン, 映画, ドラマのシーン
雰囲気,fromCluster,0.6500,6.0,1.8576,雰囲気,おどろおどろしい雰囲気
景観,fromCluster,0.6778,9.0,2.7864,外観, 眺め, 眺望,雪景色, 景色, 見晴らし
ベンガラ,fromCluster,0.4600,5.0,1.548,ベンガラ, ベンガラ製造, ベンガラ館
門,fromCluster,0.5333,3.0,0.9288,玄関, 大手門, 入り口の門
倉庫,fromCluster,0.4000,5.0,1.548,蔵, 土蔵, 倉
駐車場,fromCluster,0.4538,13.0,4.0248,駐車場,無料駐車場
八つ墓村のロケ地,fromCluster,0.8000,6.0,1.8576,八つ墓村のロケ地, 映画「八つ墓村」のロケ地, 八つ墓村のロケ, 八つ墓村の映画のロケ
八つ墓村映画,fromCluster,0.5667,3.0,0.9288,映画八つ墓村, 松竹映画八つ墓村
八つ墓村,fromCluster,0.3833,6.0,1.8576,八つ墓村,八墓村
豪商の邸宅,fromCluster,0.7800,5.0,1.548,豪商の邸宅, 商家の邸宅, 豪商, 豪商のお屋敷
庭,fromCluster,0.6333,6.0,1.8576,庭,庭園
邸宅,fromCluster,0.7909,11.0,3.4056,邸宅,邸,邸内
豪邸,fromCluster,0.8667,3.0,0.9288,豪邸, 大豪邸
建物,fromCluster,0.7200,15.0,4.644,建物,歴史的建造物,有名な建物,価値の高い建物
屋敷,fromCluster,0.5583,12.0,3.7152,屋敷,お屋敷,屋敷内,座敷,屋敷跡
石垣,fromCluster,0.6625,16.0,4.9536,石垣,石垣の大邸宅
お城,fromCluster,0.8167,6.0,1.8576,お城,お城のよう,お城のように広く豪華なお屋敷
広兼家,fromCluster,0.7533,15.0,4.644,広兼家,広兼邸,広兼氏,広兼家の神社
吹屋ふるさと村,fromCluster,0.4250,8.0,2.4768,吹屋ふるさと村,吹屋,吹屋町
部屋,fromCluster,0.5000,3.0,0.9288,部屋, 使用人たちの部屋, 使用人部屋
歴史,fromEntity,0.8143,7.0,2.1672
山道,fromEntity,-0.3250,4.0,1.2384