温かさ,fromCluster,0.7400,10.0,0.5102,温かさ, 暖かさ, 熱い温いの差, 天然の温かさ
体が温まる,fromCluster,0.8000,11.0,0.5612,体の芯, 身体の芯までぽっかぽか, 体が温まる, 体が温まり, 体の温まり, 身体の芯まで温まる, 身体の芯, ぽかぽか, 体の温かさ
汗,fromCluster,0.5900,30.0,1.5306,汗,発汗作用,汗の出方,発汗,汗をかきにくい質,大量の汗
寒さ,fromCluster,0.2273,11.0,0.5612,冷え性, 寒さ, 寒い日, 涼しさ, 寒い, 涼しい季節, 肌寒い, 涼しい時期
気温,fromCluster,-0.1000,14.0,0.7143,熱さ, 暑さ
気持ち良さ,fromCluster,0.8875,40.0,2.0408,気持ち良い, 爽快感, 気持ちよさ, 気持ちいい, 気持ち良さ, 解放感, 気分爽快, 気持ち良かった, 安心感, 爽快, 喜び通り, 気持ち良く, 陽気, 幸せな気分, 満足, 気持ちよかった
体験,fromCluster,0.7643,28.0,1.4286,体験,経験,居体験,体験時間
感情,fromCluster,0.8375,16.0,0.8163,気持ち, 気分, 感覚, きもち
デトックス,fromCluster,0.8214,14.0,0.7143,デトックス効果, デトックス
肌,fromCluster,0.7500,10.0,0.5102,お肌, 肌, 肌の状態, お肌つやつや
身体,fromCluster,0.7895,19.0,0.9694,体, 身体
リフレッシュ,fromCluster,0.9364,11.0,0.5612,リフレッシュ, 身体のリフレッシュ, 身体がスッキリ, 身体スッキリ
写真,fromCluster,0.6162,37.0,1.8878,写真,写真撮影,記念写真,撮影
カメラ,fromCluster,0.2000,13.0,0.6633,カメラ, カメラマン, カメラの持ち込み, スマホ持ち込み禁止, カメラ持参, カメラ持ち込み, 防水のカメラ, 撮影禁止, カメラでの撮影
屋根,fromCluster,0.2933,15.0,0.7653,屋根, 屋根付きの場所, 屋根つき, 屋根つきの場所, 屋根付き施設, ビニール屋根, 屋根つきのスペース, 屋根つきのところ, 屋根付き, 屋根あり屋根なし
混雑,fromCluster,-0.4200,20.0,1.0204,混雑, 混み合い, 混雑状況, 人が多すぎる, 車の混雑, 混雑ぶり, 賑わい
駐車場,fromCluster,0.2500,12.0,0.6122,駐車場, 無料駐車場, 駐車場整理, 駐車, 専用駐車場
観光客,fromCluster,0.1400,10.0,0.5102,観光客, 外国人観光客, 観光客の数, 外国人の観光客
更衣室,fromCluster,0.5400,10.0,0.5102,更衣室, 脱衣場, 脱衣所, 脱衣室
宿泊施設,fromCluster,0.4308,13.0,0.6633,ホテル, 旅館, ホテルの人, ホテルの宿泊パック, 大型ホテル, 旅館のアメニティ
施設,fromCluster,0.6562,16.0,0.8163,施設, 施設の方, 研究施設, 施設内, 設備
海岸,fromCluster,0.4600,15.0,0.7653,海岸, 海岸沿い, 海沿い, 海沿いの道, 海岸の階段
風,fromCluster,0.5160,25.0,1.2755,風, 海風, 潮風, 夜風, 海からの風
波の音,fromCluster,0.7840,25.0,1.2755,波の音,波
季節,fromCluster,0.0833,12.0,0.6122,冬, 夏, 夏場, 秋
スタッフ,fromCluster,0.6818,55.0,2.8061000000000003,従業員, 店員, 警備員,スタッフ,Staff,スタッフの撮影,職員さんたち,スタッフの気づかい
受付,fromCluster,0.0950,20.0,1.0204,受付, 受付時の対応, 受付の人, 受付のお姉さん, 受付の対応
子ども,fromCluster,0.4182,11.0,0.5612,子供, 子ども, 子ども達
おばさん,fromCluster,0.5182,11.0,0.5612,おばちゃん, おばさん, おばさま達, おばさんたち, おじちゃん達, 係りのおばさんたち, おばさんとの会話, おっちゃん
係の人,fromCluster,0.7200,10.0,0.5102,係りの方, 係の人, 係の方々, 係りの人
待ち時間,fromCluster,0.0267,15.0,0.7653,待ち時間, 待ち
料金,fromCluster,0.1783,23.0,1.1735,料金, 値段, 価格, 金額, お値段
砂蒸し体験,fromCluster,0.5615,13.0,0.6633,砂むし体験, 砂蒸し体験, 蒸される体験, 砂蒸し風呂体験, 砂に埋まる体験, 砂風呂体験, 砂に埋められる体験, 砂浜での体験
砂蒸し,fromCluster,0.7256,125.0,6.3774999999999995,砂蒸し,砂蒸し温泉,砂蒸し会館,砂浜の砂蒸し,露天砂蒸し,砂蒸し場,砂浜での砂蒸し,砂蒸し湯,砂蒸し風呂の写真,砂蒸し写真,砂むし,砂むし場,天然の砂むし,海岸での砂むし,室内の砂むし,天然砂むし,全天候型砂むし場
砂むし風呂,fromCluster,0.8286,42.0,2.1429,砂むし風呂,砂むし温泉,砂むし湯,砂虫温泉
砂風呂,fromCluster,0.8069,116.0,5.9184,砂風呂,砂蒸し風呂,砂湯・砂風呂,砂蒸風呂,砂蒸し入浴,砂の蒸し風呂,砂風呂温泉,砂のお風呂
砂かけスタッフ,fromCluster,0.3867,15.0,0.7653,砂かけさん, 砂をかけてくれる人, 砂かけスタッフ, 砂かけ, 砂をかけてくれた男の人, 砂かけ係, 砂をかける人, 砂掛けする係の人, 砂かけの方, 砂掛けさん, 砂かけ専門のスタッフ, 砂をかけて下さる方
砂の温度,fromCluster,0.4900,10.0,0.5102,砂の温度, 温かい砂, 砂の熱, 暖かい砂, 砂の熱さ
砂,fromCluster,0.4857,133.0,6.7857,砂,砂浜,砂楽,砂の重み,砂の重さ,砂場,砂まみれ,砂遊び,砂吉,土の中,子供用の砂のかけ方,砂のぬくもり,砂の粒,砂の中,砂の重り,砂から出たときの気持ちよさ,砂が重い
浴衣,fromCluster,0.3691,55.0,2.8061,浴衣,お子様用の浴衣,レンタルの浴衣,浴衣姿,貸し出し浴衣
タオル,fromCluster,0.1437,16.0,0.8163,タオル, バスタオル, フェイスタオル
温泉,fromCluster,0.7559,93.0,4.7449,大浴場, 温泉施設, 別府温泉, 施設内の温泉, 温泉会館, ホテルの貸切風呂, 大浴場の温泉,温泉,温泉浴,温泉質,泉質,温泉気分,温泉の感じ,温泉地,岩盤浴, 平成の砂蒸し温泉, ナトリウム系温泉, 天然の温泉, 天然砂むし温泉, 自然温泉, 自然の砂の温泉, 塩の温泉, 古代の海水の温泉
シャワー,fromCluster,0.6333,15.0,0.7653,シャワー, Shower, シャワーとお風呂, 浴場のシャワー, シャワーや風呂
サウナ,fromCluster,0.4429,14.0,0.7143,サウナ, 和風サウナ
風呂,fromCluster,0.6923,26.0,1.3265,お風呂, 風呂場, 浴場, 風呂, お風呂場, 一番風呂
海,fromEntity,0.7429,21.0,1.0714