入浴施設,fromCluster,0.3259,58.0,1.9761,公衆浴場, 浴槽, 入浴, 浴場, 入浴料, 大衆浴場, 黙浴, 浴室, 入浴券, 入浴客, 大浴場, 温泉浴槽, 共通入浴券, 市営の共同浴場, 協同浴場, 共同浴場, 入浴剤, 入浴施設
お風呂,fromCluster,0.2063,64.0,2.1806,お風呂,露天風呂,風呂,水風呂,お風呂の数,朝風呂,女性のお風呂,露天風呂がない,お風呂場,女風呂,内風呂,お風呂やさん
タオル,fromCluster,-0.1970,33.0,1.1244,タオル, 白いタオル, お気に入りのタオル, タオルに色がつく, タオルの持ち出し禁止, タオルについてしまいます, タオル持参, タオル類, タオル付き, タオルの色, タオルレンタル, お土産のタオル
サウナ施設,fromCluster,-0.3696,23.0,0.7836,脱衣所, 脱衣場, サウナ
有馬温泉,fromCluster,0.7889,226.0,7.7002,有馬温泉,有馬温泉街,有馬温泉駅,有馬温泉郷,有馬温泉会館,有馬温泉地,有馬温泉の金の湯,有馬温泉（金の湯）
有馬,fromCluster,0.6225,40.0,1.3629,有馬,有馬じゃなくてもいい,有馬の繁華街,有馬玩具,有馬滞在,有馬観光,有馬商店街
金泉,fromCluster,0.6929,156.0,5.3152,金泉,泉質,銀泉,飲泉,源泉,飲泉所,飲泉場,ラジウム泉,泉源,源泉の湯,飲泉設備,金泉のあつ湯,鉱泉,源泉めぐり,三名泉,金泉の湯,飲用泉,単純泉,源泉の温泉
温泉,fromCluster,0.6963,189.0,6.4395,温泉街, 温泉巡り, 温泉街散策, 温泉旅行, 温泉町, 温泉めぐり,温泉,温泉気分,温泉感,温泉の質,温泉のルール,ギュウギュウの温泉,温泉のお湯,周辺の温泉,熱めの温泉,宿の温泉,温泉水,温まる温泉,温泉成分,道後温泉,温泉の湯元,温泉会館,温泉の匂い,公共温泉施設,ホテルの温泉,公共の温泉,温泉を飲める所,飲料用の温泉,気持ちの良い温泉,保温性がいい泉質,温泉を満喫,素敵な温泉,気持ちのいい温泉,温泉好き,有名温泉地,お気に入りの温泉,温泉処,貴重な温泉
銀の湯,fromCluster,0.4737,57.0,1.9421,銀の湯,銀の湯の外湯
銭湯,fromCluster,0.3400,15.0,0.5111,銭湯, スーパー銭湯, 休憩室の値段, スーパー銭湯ぽい, 温泉施設の値段, 銭湯価格, スーパ銭湯, 銭湯料金
お湯,fromCluster,0.5916,95.0,3.2368,お湯,お風呂のお湯,水道のお湯,お湯も熱め,お湯かげん
ぬる湯,fromCluster,0.1867,15.0,0.5111,ぬる湯, ぬるい湯
足湯,fromCluster,0.6842,139.0,4.7359,足湯,無料の足湯,足湯コーナー,表の足湯,足湯もオススメ
湯,fromCluster,0.3857,35.0,1.1925,湯, 湯船, 湯加減, 湯上り, 湯量, 湯中り, 湯舟, 湯治, 湯泉, 湯温
雰囲気と風情,fromCluster,0.6053,19.0,0.6474,雰囲気, 風情, 昔ながらの雰囲気, 風情のある街並み, 風情ある温泉街, 上品な雰囲気
リラックス,fromCluster,0.6563,16.0,0.5451,リラックス, ゆっくり, くつろぎ, ぐっすり眠る, ゆったり, くつろげました, ゆったりした時間
お肌がすべすべ,fromCluster,0.9533,15.0,0.5111,お肌がすべすべ, お肌がスベスベ, 肌がすべすべ, お肌がツルツル, 肌がツルツル, 体がすべすべ, お肌スベスベ, 肌がスベスベ
肌,fromCluster,0.6909,22.0,0.7496,肌, 肌着, 肌質
お肌,fromCluster,0.8833,24.0,0.8177,お肌, 美肌, お肌しっとり
疲れを癒す,fromCluster,0.7160,25.0,0.8518,疲れ, 疲れがとれる, 疲労回復, 旅の疲れ, 疲れた, 疲れを癒すことはできません, 足の疲れ, 身体の疲れ, 疲れも取れる, 疲れがよく取れる, 疲れが取れて元気, 疲れを癒す, 疲れが癒される, 疲れが癒されます
混雑,fromCluster,-0.4731,104.0,3.5434,混雑,大混雑,人混み,混み具合,込み具合,混雑度,混んでいる, 混んでいました, 混んでいて, 混んでます, 混んでいた, 混んでる, 混み合っている, 混みあっていた, 混み合っていた, 混んでいます, 混み合っていました,人が多い, 人が多かった, 人が多すぎて入場制限, 人が多過ぎ, 人が多いとき, 人でごった返していました, 人が沢山, 人がたくさんいて, 人で一杯, 人でいっぱい, 人が多過ぎる, 人がいっぱい, 人で賑わっていました, 賑わい, 賑わっています, にぎやかな場所, にぎわっていました, 賑わっている
価格,fromCluster,0.4056,18.0,0.6133,値段, 価格, お値段, 定価, 値段設定
建物,fromCluster,0.0919,37.0,1.2606000000000002,人, 家,施設, 建物, 設備
サイダー,fromCluster,0.8368,19.0,0.6474,サイダー, 有馬サイダー, ありまサイダー, 炭酸サイダー, ありまのサイダー, ありまサイダーてっぽう水, しゅわしゅわのサイダー
温度,fromCluster,0.0400,25.0,0.8518,温度, 熱い, 熱め, 熱いほう, 温度が高め, 高温
鉄分,fromCluster,0.4133,15.0,0.5111,鉄分, 鉄分が酸化して赤茶色に濁っています, 鉄分が酸化して赤茶色, 鉄の成分
日帰り温泉,fromCluster,0.6298,47.0,1.6014,日帰り温泉, 日帰り, 日帰り入浴, 日帰り入浴施設, 日帰り温泉施設, 日帰り利用, 日帰り客, 日帰りおんせん, 日帰り湯, 日帰りできる有馬温泉, 有馬の日帰り温泉, 日帰りのお出かけ
六甲山登山,fromCluster,0.5000,30.0,1.0221,六甲山, 登山客, 六甲, 登山, 六甲山登山, 登山の疲れ, 登山帰りの人, 登山者, ハイキング, 六甲山頂, 六甲山トレッキング, 六甲登山, 六甲山最高峰, 登山後のお風呂
宿泊施設,fromCluster,0.1857,21.0,0.7155,ホテル, 旅館, 老舗旅館, ホテルや旅館